[{"model": "admin.logentry", "pk": 1, "fields": {"action_time": "2024-03-24T00:12:42.726Z", "user": 1, "content_type": 9, "object_id": "6df40c61-edb5-45dc-8dc8-1d8174c49180", "object_repr": "tag 1", "action_flag": 1, "change_message": "[{\"added\": {}}]"}}, {"model": "admin.logentry", "pk": 2, "fields": {"action_time": "2024-03-24T00:12:51.225Z", "user": 1, "content_type": 10, "object_id": "1", "object_repr": "medium", "action_flag": 1, "change_message": "[{\"added\": {}}]"}}, {"model": "admin.logentry", "pk": 3, "fields": {"action_time": "2024-03-24T00:13:26.067Z", "user": 1, "content_type": 8, "object_id": "825a9506-75ad-40c6-84e8-a2856e466b1f", "object_repr": "Chelsea jersey", "action_flag": 1, "change_message": "[{\"added\": {}}, {\"added\": {\"name\": \"product image\", \"object\": \"Chelsea jersey\"}}, {\"added\": {\"name\": \"product image\", \"object\": \"Chelsea jersey\"}}, {\"added\": {\"name\": \"product detail\", \"object\": \"ProductDetail object (1)\"}}, {\"added\": {\"name\": \"product detail\", \"object\": \"ProductDetail object (2)\"}}]"}}, {"model": "admin.logentry", "pk": 4, "fields": {"action_time": "2024-03-24T11:32:36.279Z", "user": 1, "content_type": 9, "object_id": "2bd46b22-d54d-49bb-949b-de2743882cff", "object_repr": "chelsea", "action_flag": 1, "change_message": "[{\"added\": {}}]"}}, {"model": "admin.logentry", "pk": 5, "fields": {"action_time": "2024-03-24T11:32:42.713Z", "user": 1, "content_type": 9, "object_id": "38e95b7b-6792-42a9-b08c-c0f571302715", "object_repr": "home kit", "action_flag": 1, "change_message": "[{\"added\": {}}]"}}, {"model": "admin.logentry", "pk": 6, "fields": {"action_time": "2024-03-24T11:32:54.667Z", "user": 1, "content_type": 9, "object_id": "12407594-cf72-40a3-932f-3609d99e79a1", "object_repr": "nike", "action_flag": 1, "change_message": "[{\"added\": {}}]"}}, {"model": "admin.logentry", "pk": 7, "fields": {"action_time": "2024-03-24T11:33:11.233Z", "user": 1, "content_type": 9, "object_id": "3843f5f0-2d03-4008-ba2e-88c7e1f507c3", "object_repr": "stamford", "action_flag": 1, "change_message": "[{\"added\": {}}]"}}, {"model": "admin.logentry", "pk": 8, "fields": {"action_time": "2024-03-24T11:33:18.704Z", "user": 1, "content_type": 9, "object_id": "88396179-a2be-41f0-ba67-c3386c14eb55", "object_repr": "blue", "action_flag": 1, "change_message": "[{\"added\": {}}]"}}, {"model": "admin.logentry", "pk": 9, "fields": {"action_time": "2024-03-24T11:33:31.955Z", "user": 1, "content_type": 9, "object_id": "cb1a7b79-9dd4-49a8-9499-a1c0e4874042", "object_repr": "london", "action_flag": 1, "change_message": "[{\"added\": {}}]"}}, {"model": "admin.logentry", "pk": 10, "fields": {"action_time": "2024-03-24T11:34:39.800Z", "user": 1, "content_type": 10, "object_id": "2", "object_repr": "Medium", "action_flag": 1, "change_message": "[{\"added\": {}}]"}}, {"model": "admin.logentry", "pk": 11, "fields": {"action_time": "2024-03-24T11:34:48.255Z", "user": 1, "content_type": 10, "object_id": "3", "object_repr": "Large", "action_flag": 1, "change_message": "[{\"added\": {}}]"}}, {"model": "admin.logentry", "pk": 12, "fields": {"action_time": "2024-03-24T11:34:56.898Z", "user": 1, "content_type": 10, "object_id": "4", "object_repr": "Extra Large", "action_flag": 1, "change_message": "[{\"added\": {}}]"}}, {"model": "admin.logentry", "pk": 13, "fields": {"action_time": "2024-03-24T11:35:06.261Z", "user": 1, "content_type": 10, "object_id": "5", "object_repr": "Extra Extra Large", "action_flag": 1, "change_message": "[{\"added\": {}}]"}}, {"model": "admin.logentry", "pk": 14, "fields": {"action_time": "2024-03-24T11:38:19.908Z", "user": 1, "content_type": 8, "object_id": "825a9506-75ad-40c6-84e8-a2856e466b1f", "object_repr": "Chelsea jersey", "action_flag": 2, "change_message": "[{\"changed\": {\"fields\": [\"Description\", \"Featured image\", \"Stock\", \"Product tags\", \"Sizes\"]}}, {\"added\": {\"name\": \"product image\", \"object\": \"Chelsea jersey\"}}, {\"changed\": {\"name\": \"product image\", \"object\": \"Chelsea jersey\", \"fields\": [\"Image\"]}}, {\"changed\": {\"name\": \"product image\", \"object\": \"Chelsea jersey\", \"fields\": [\"Image\"]}}, {\"added\": {\"name\": \"product detail\", \"object\": \"ProductDetail object (3)\"}}, {\"added\": {\"name\": \"product detail\", \"object\": \"ProductDetail object (4)\"}}, {\"added\": {\"name\": \"product detail\", \"object\": \"ProductDetail object (5)\"}}, {\"changed\": {\"name\": \"product detail\", \"object\": \"ProductDetail object (1)\", \"fields\": [\"Detail\"]}}, {\"changed\": {\"name\": \"product detail\", \"object\": \"ProductDetail object (2)\", \"fields\": [\"Detail\"]}}]"}}, {"model": "admin.logentry", "pk": 15, "fields": {"action_time": "2024-03-24T11:42:48.572Z", "user": 1, "content_type": 8, "object_id": "825a9506-75ad-40c6-84e8-a2856e466b1f", "object_repr": "Chelsea Home Kit", "action_flag": 2, "change_message": "[{\"changed\": {\"fields\": [\"Name\"]}}]"}}, {"model": "admin.logentry", "pk": 16, "fields": {"action_time": "2024-03-24T11:48:17.297Z", "user": 1, "content_type": 9, "object_id": "01fef3e4-aa48-4454-9e85-b48f6cb93078", "object_repr": "away", "action_flag": 1, "change_message": "[{\"added\": {}}]"}}, {"model": "admin.logentry", "pk": 17, "fields": {"action_time": "2024-03-24T11:49:32.823Z", "user": 1, "content_type": 8, "object_id": "ef5d7322-db80-4cdd-b16f-5f7274ebc159", "object_repr": "Chelsea Nike Away Stadium Shirt 2023-24", "action_flag": 1, "change_message": "[{\"added\": {}}, {\"added\": {\"name\": \"product image\", \"object\": \"Chelsea Nike Away Stadium Shirt 2023-24\"}}, {\"added\": {\"name\": \"product image\", \"object\": \"Chelsea Nike Away Stadium Shirt 2023-24\"}}, {\"added\": {\"name\": \"product image\", \"object\": \"Chelsea Nike Away Stadium Shirt 2023-24\"}}, {\"added\": {\"name\": \"product detail\", \"object\": \"ProductDetail object (6)\"}}, {\"added\": {\"name\": \"product detail\", \"object\": \"ProductDetail object (7)\"}}, {\"added\": {\"name\": \"product detail\", \"object\": \"ProductDetail object (8)\"}}, {\"added\": {\"name\": \"product detail\", \"object\": \"ProductDetail object (9)\"}}, {\"added\": {\"name\": \"product detail\", \"object\": \"ProductDetail object (10)\"}}, {\"added\": {\"name\": \"product detail\", \"object\": \"ProductDetail object (11)\"}}]"}}, {"model": "admin.logentry", "pk": 18, "fields": {"action_time": "2024-03-24T11:53:53.237Z", "user": 1, "content_type": 9, "object_id": "2362c5c7-4728-437e-904b-af712b6e831f", "object_repr": "third", "action_flag": 1, "change_message": "[{\"added\": {}}]"}}, {"model": "admin.logentry", "pk": 19, "fields": {"action_time": "2024-03-24T11:55:48.670Z", "user": 1, "content_type": 8, "object_id": "7746e81e-ffb7-458d-a8eb-b2790221b2f7", "object_repr": "Chelsea Nike Third Vapor Match Shirt 2023-24", "action_flag": 1, "change_message": "[{\"added\": {}}, {\"added\": {\"name\": \"product image\", \"object\": \"Chelsea Nike Third Vapor Match Shirt 2023-24\"}}, {\"added\": {\"name\": \"product image\", \"object\": \"Chelsea Nike Third Vapor Match Shirt 2023-24\"}}, {\"added\": {\"name\": \"product image\", \"object\": \"Chelsea Nike Third Vapor Match Shirt 2023-24\"}}, {\"added\": {\"name\": \"product detail\", \"object\": \"ProductDetail object (12)\"}}, {\"added\": {\"name\": \"product detail\", \"object\": \"ProductDetail object (13)\"}}, {\"added\": {\"name\": \"product detail\", \"object\": \"ProductDetail object (14)\"}}, {\"added\": {\"name\": \"product detail\", \"object\": \"ProductDetail object (15)\"}}, {\"added\": {\"name\": \"product detail\", \"object\": \"ProductDetail object (16)\"}}, {\"added\": {\"name\": \"product detail\", \"object\": \"ProductDetail object (17)\"}}]"}}, {"model": "admin.logentry", "pk": 20, "fields": {"action_time": "2024-03-24T11:56:13.824Z", "user": 1, "content_type": 8, "object_id": "825a9506-75ad-40c6-84e8-a2856e466b1f", "object_repr": "Chelsea Home Stadium Shirt 2023-24", "action_flag": 2, "change_message": "[{\"changed\": {\"fields\": [\"Name\"]}}]"}}, {"model": "admin.logentry", "pk": 21, "fields": {"action_time": "2024-03-24T12:05:51.015Z", "user": 1, "content_type": 9, "object_id": "9d496702-f60e-4b73-8542-8acf1b9c6c29", "object_repr": "custom", "action_flag": 1, "change_message": "[{\"added\": {}}]"}}, {"model": "admin.logentry", "pk": 22, "fields": {"action_time": "2024-03-24T12:07:31.933Z", "user": 1, "content_type": 8, "object_id": "91617331-ed7c-4190-8b55-4710596314cb", "object_repr": "Chelsea Nike 2023/24 Away Stadium Replica Custom Jersey - Navy", "action_flag": 1, "change_message": "[{\"added\": {}}, {\"added\": {\"name\": \"product image\", \"object\": \"Chelsea Nike 2023/24 Away Stadium Replica Custom Jersey - Navy\"}}, {\"added\": {\"name\": \"product image\", \"object\": \"Chelsea Nike 2023/24 Away Stadium Replica Custom Jersey - Navy\"}}, {\"added\": {\"name\": \"product image\", \"object\": \"Chelsea Nike 2023/24 Away Stadium Replica Custom Jersey - Navy\"}}, {\"added\": {\"name\": \"product detail\", \"object\": \"ProductDetail object (18)\"}}, {\"added\": {\"name\": \"product detail\", \"object\": \"ProductDetail object (19)\"}}, {\"added\": {\"name\": \"product detail\", \"object\": \"ProductDetail object (20)\"}}, {\"added\": {\"name\": \"product detail\", \"object\": \"ProductDetail object (21)\"}}]"}}, {"model": "admin.logentry", "pk": 23, "fields": {"action_time": "2024-03-24T12:11:49.342Z", "user": 1, "content_type": 8, "object_id": "825a9506-75ad-40c6-84e8-a2856e466b1f", "object_repr": "Chelsea Home Stadium Shirt 2023-24 (Sponsor on Front)", "action_flag": 2, "change_message": "[{\"changed\": {\"fields\": [\"Name\", \"Featured image\"]}}, {\"changed\": {\"name\": \"product image\", \"object\": \"Chelsea Home Stadium Shirt 2023-24 (Sponsor on Front)\", \"fields\": [\"Image\"]}}, {\"changed\": {\"name\": \"product image\", \"object\": \"Chelsea Home Stadium Shirt 2023-24 (Sponsor on Front)\", \"fields\": [\"Image\"]}}, {\"changed\": {\"name\": \"product image\", \"object\": \"Chelsea Home Stadium Shirt 2023-24 (Sponsor on Front)\", \"fields\": [\"Image\"]}}]"}}, {"model": "admin.logentry", "pk": 24, "fields": {"action_time": "2024-03-24T12:13:44.594Z", "user": 1, "content_type": 8, "object_id": "825a9506-75ad-40c6-84e8-a2856e466b1f", "object_repr": "Chelsea Home Stadium Shirt 2023-24", "action_flag": 2, "change_message": "[{\"changed\": {\"fields\": [\"Name\"]}}]"}}, {"model": "admin.logentry", "pk": 25, "fields": {"action_time": "2024-03-24T12:17:43.665Z", "user": 1, "content_type": 8, "object_id": "7746e81e-ffb7-458d-a8eb-b2790221b2f7", "object_repr": "Chelsea Nike Third Vapor Match Shirt 2023-24", "action_flag": 2, "change_message": "[{\"changed\": {\"fields\": [\"Featured image\"]}}, {\"changed\": {\"name\": \"product image\", \"object\": \"Chelsea Nike Third Vapor Match Shirt 2023-24\", \"fields\": [\"Image\"]}}, {\"changed\": {\"name\": \"product image\", \"object\": \"Chelsea Nike Third Vapor Match Shirt 2023-24\", \"fields\": [\"Image\"]}}]"}}, {"model": "admin.logentry", "pk": 26, "fields": {"action_time": "2024-03-24T12:21:49.885Z", "user": 1, "content_type": 8, "object_id": "ef5d7322-db80-4cdd-b16f-5f7274ebc159", "object_repr": "Chelsea Nike Away Stadium Shirt 2023-24", "action_flag": 2, "change_message": "[{\"changed\": {\"fields\": [\"Featured image\"]}}, {\"changed\": {\"name\": \"product image\", \"object\": \"Chelsea Nike Away Stadium Shirt 2023-24\", \"fields\": [\"Image\"]}}, {\"changed\": {\"name\": \"product image\", \"object\": \"Chelsea Nike Away Stadium Shirt 2023-24\", \"fields\": [\"Image\"]}}]"}}, {"model": "admin.logentry", "pk": 27, "fields": {"action_time": "2024-03-24T13:45:32.313Z", "user": 1, "content_type": 15, "object_id": "30264593-70e3-49e4-a3b1-47c2439d1b11", "object_repr": "Nigeria", "action_flag": 1, "change_message": "[{\"added\": {}}]"}}, {"model": "admin.logentry", "pk": 28, "fields": {"action_time": "2024-03-24T13:46:02.287Z", "user": 1, "content_type": 16, "object_id": "1", "object_repr": "Nigeria | Lagos", "action_flag": 1, "change_message": "[{\"added\": {}}]"}}, {"model": "admin.logentry", "pk": 29, "fields": {"action_time": "2024-03-24T13:47:04.550Z", "user": 1, "content_type": 17, "object_id": "aef2d705-ea4f-4e7d-9c03-5205af2bacf4", "object_repr": "Tobi", "action_flag": 1, "change_message": "[{\"added\": {}}]"}}, {"model": "admin.logentry", "pk": 30, "fields": {"action_time": "2024-03-24T13:48:58.292Z", "user": 1, "content_type": 4, "object_id": "1", "object_repr": "tobiekundayo", "action_flag": 2, "change_message": "[{\"changed\": {\"fields\": [\"Username\", \"First name\", \"Last name\", \"Email address\"]}}]"}}, {"model": "admin.logentry", "pk": 31, "fields": {"action_time": "2024-03-24T13:51:18.203Z", "user": 1, "content_type": 8, "object_id": "91617331-ed7c-4190-8b55-4710596314cb", "object_repr": "Chelsea Nike 2023/24 Away Stadium Custom Jersey", "action_flag": 2, "change_message": "[{\"changed\": {\"fields\": [\"Name\", \"Description\"]}}]"}}, {"model": "admin.logentry", "pk": 32, "fields": {"action_time": "2024-03-24T13:57:47.310Z", "user": 1, "content_type": 9, "object_id": "7cabc2e0-fcad-461f-99db-3f5190e2e2a3", "object_repr": "mudryk", "action_flag": 1, "change_message": "[{\"added\": {}}]"}}, {"model": "admin.logentry", "pk": 33, "fields": {"action_time": "2024-03-24T13:59:43.668Z", "user": 1, "content_type": 8, "object_id": "9a4c7102-5c68-4b09-863c-e93949d76b8d", "object_repr": "Display slide 1 of 3Display slide 2 of 3Selected slide 3 of 3 Chelsea Nike Home Stadium Sponsored Shirt 2023-24 with Mudryk 10 printing", "action_flag": 1, "change_message": "[{\"added\": {}}, {\"added\": {\"name\": \"product image\", \"object\": \"Display slide 1 of 3Display slide 2 of 3Selected slide 3 of 3 Chelsea Nike Home Stadium Sponsored Shirt 2023-24 with Mudryk 10 printing\"}}, {\"added\": {\"name\": \"product image\", \"object\": \"Display slide 1 of 3Display slide 2 of 3Selected slide 3 of 3 Chelsea Nike Home Stadium Sponsored Shirt 2023-24 with Mudryk 10 printing\"}}, {\"added\": {\"name\": \"product image\", \"object\": \"Display slide 1 of 3Display slide 2 of 3Selected slide 3 of 3 Chelsea Nike Home Stadium Sponsored Shirt 2023-24 with Mudryk 10 printing\"}}, {\"added\": {\"name\": \"product detail\", \"object\": \"ProductDetail object (22)\"}}, {\"added\": {\"name\": \"product detail\", \"object\": \"ProductDetail object (23)\"}}, {\"added\": {\"name\": \"product detail\", \"object\": \"ProductDetail object (24)\"}}]"}}, {"model": "admin.logentry", "pk": 34, "fields": {"action_time": "2024-03-24T14:00:24.747Z", "user": 1, "content_type": 8, "object_id": "9a4c7102-5c68-4b09-863c-e93949d76b8d", "object_repr": "Chelsea Nike Home Stadium Sponsored Shirt 2023-24 with Mudryk 10 printing", "action_flag": 2, "change_message": "[{\"changed\": {\"fields\": [\"Name\"]}}]"}}, {"model": "admin.logentry", "pk": 35, "fields": {"action_time": "2024-03-24T14:01:00.442Z", "user": 1, "content_type": 8, "object_id": "9a4c7102-5c68-4b09-863c-e93949d76b8d", "object_repr": "Chelsea Nike Home Stadium Sponsored Shirt 2023-24(Mudryk 10)", "action_flag": 2, "change_message": "[{\"changed\": {\"fields\": [\"Name\"]}}]"}}, {"model": "admin.logentry", "pk": 36, "fields": {"action_time": "2024-03-24T14:01:00.653Z", "user": 1, "content_type": 8, "object_id": "9a4c7102-5c68-4b09-863c-e93949d76b8d", "object_repr": "Chelsea Nike Home Stadium Sponsored Shirt 2023-24(Mudryk 10)", "action_flag": 2, "change_message": "[]"}}, {"model": "admin.logentry", "pk": 37, "fields": {"action_time": "2024-03-24T14:05:47.617Z", "user": 1, "content_type": 9, "object_id": "f4b566a4-fe49-4e92-adc8-dcc8bb464d16", "object_repr": "palmer", "action_flag": 1, "change_message": "[{\"added\": {}}]"}}, {"model": "admin.logentry", "pk": 38, "fields": {"action_time": "2024-03-24T14:06:41.082Z", "user": 1, "content_type": 8, "object_id": "27196caa-a68d-4041-91fd-d269f7493610", "object_repr": "Chelsea Nike Home Stadium Sponsored Shirt 2023-24(Palmer 20)", "action_flag": 1, "change_message": "[{\"added\": {}}, {\"added\": {\"name\": \"product image\", \"object\": \"Chelsea Nike Home Stadium Sponsored Shirt 2023-24(Palmer 20)\"}}, {\"added\": {\"name\": \"product image\", \"object\": \"Chelsea Nike Home Stadium Sponsored Shirt 2023-24(Palmer 20)\"}}, {\"added\": {\"name\": \"product image\", \"object\": \"Chelsea Nike Home Stadium Sponsored Shirt 2023-24(Palmer 20)\"}}, {\"added\": {\"name\": \"product detail\", \"object\": \"ProductDetail object (25)\"}}, {\"added\": {\"name\": \"product detail\", \"object\": \"ProductDetail object (26)\"}}, {\"added\": {\"name\": \"product detail\", \"object\": \"ProductDetail object (27)\"}}]"}}, {"model": "admin.logentry", "pk": 39, "fields": {"action_time": "2024-03-24T14:08:53.272Z", "user": 1, "content_type": 8, "object_id": "9a4c7102-5c68-4b09-863c-e93949d76b8d", "object_repr": "Chelsea Home Stadium Sponsored Shirt 2023-24(Mudryk 10)", "action_flag": 2, "change_message": "[{\"changed\": {\"fields\": [\"Name\"]}}]"}}, {"model": "admin.logentry", "pk": 40, "fields": {"action_time": "2024-03-24T14:09:03.332Z", "user": 1, "content_type": 8, "object_id": "ef5d7322-db80-4cdd-b16f-5f7274ebc159", "object_repr": "Chelsea Away Stadium Shirt 2023-24", "action_flag": 2, "change_message": "[{\"changed\": {\"fields\": [\"Name\"]}}]"}}, {"model": "admin.logentry", "pk": 41, "fields": {"action_time": "2024-03-24T14:09:17.048Z", "user": 1, "content_type": 8, "object_id": "91617331-ed7c-4190-8b55-4710596314cb", "object_repr": "Chelsea 2023/24 Away Stadium Custom Jersey", "action_flag": 2, "change_message": "[{\"changed\": {\"fields\": [\"Name\"]}}]"}}, {"model": "admin.logentry", "pk": 42, "fields": {"action_time": "2024-03-24T14:09:31.657Z", "user": 1, "content_type": 8, "object_id": "7746e81e-ffb7-458d-a8eb-b2790221b2f7", "object_repr": "Chelsea Third Vapor Match Shirt 2023-24", "action_flag": 2, "change_message": "[{\"changed\": {\"fields\": [\"Name\"]}}]"}}, {"model": "admin.logentry", "pk": 43, "fields": {"action_time": "2024-03-24T14:09:41.292Z", "user": 1, "content_type": 8, "object_id": "27196caa-a68d-4041-91fd-d269f7493610", "object_repr": "Chelsea Home Stadium Sponsored Shirt 2023-24(Palmer 20)", "action_flag": 2, "change_message": "[{\"changed\": {\"fields\": [\"Name\"]}}]"}}, {"model": "admin.logentry", "pk": 44, "fields": {"action_time": "2024-03-24T14:16:13.731Z", "user": 1, "content_type": 8, "object_id": "b5e87484-acd7-4781-afb0-d7e3e2cb566e", "object_repr": "Chelsea Nike Away Match Shirt 2023-24(Mudryk 10)", "action_flag": 1, "change_message": "[{\"added\": {}}, {\"added\": {\"name\": \"product image\", \"object\": \"Chelsea Nike Away Match Shirt 2023-24(Mudryk 10)\"}}, {\"added\": {\"name\": \"product image\", \"object\": \"Chelsea Nike Away Match Shirt 2023-24(Mudryk 10)\"}}, {\"added\": {\"name\": \"product image\", \"object\": \"Chelsea Nike Away Match Shirt 2023-24(Mudryk 10)\"}}, {\"added\": {\"name\": \"product detail\", \"object\": \"ProductDetail object (28)\"}}, {\"added\": {\"name\": \"product detail\", \"object\": \"ProductDetail object (29)\"}}, {\"added\": {\"name\": \"product detail\", \"object\": \"ProductDetail object (30)\"}}]"}}, {"model": "admin.logentry", "pk": 45, "fields": {"action_time": "2024-03-24T14:17:17.532Z", "user": 1, "content_type": 8, "object_id": "27196caa-a68d-4041-91fd-d269f7493610", "object_repr": "Chelsea Home Stadium Shirt 2023-24(Palmer 20)", "action_flag": 2, "change_message": "[{\"changed\": {\"fields\": [\"Name\"]}}]"}}, {"model": "admin.logentry", "pk": 46, "fields": {"action_time": "2024-03-24T14:17:34.792Z", "user": 1, "content_type": 8, "object_id": "9a4c7102-5c68-4b09-863c-e93949d76b8d", "object_repr": "Chelsea Home Stadium Shirt 2023-24(Mudryk 10)", "action_flag": 2, "change_message": "[{\"changed\": {\"fields\": [\"Name\"]}}]"}}, {"model": "admin.logentry", "pk": 47, "fields": {"action_time": "2024-03-24T14:23:41.306Z", "user": 1, "content_type": 8, "object_id": "4b3897a6-a12e-47b2-a852-3867a0fb84f8", "object_repr": "Chelsea Nike Away Vapor Match Shirt 2023-24 (Palmer 20)", "action_flag": 1, "change_message": "[{\"added\": {}}, {\"added\": {\"name\": \"product image\", \"object\": \"Chelsea Nike Away Vapor Match Shirt 2023-24 (Palmer 20)\"}}, {\"added\": {\"name\": \"product image\", \"object\": \"Chelsea Nike Away Vapor Match Shirt 2023-24 (Palmer 20)\"}}, {\"added\": {\"name\": \"product image\", \"object\": \"Chelsea Nike Away Vapor Match Shirt 2023-24 (Palmer 20)\"}}, {\"added\": {\"name\": \"product detail\", \"object\": \"ProductDetail object (31)\"}}, {\"added\": {\"name\": \"product detail\", \"object\": \"ProductDetail object (32)\"}}, {\"added\": {\"name\": \"product detail\", \"object\": \"ProductDetail object (33)\"}}]"}}, {"model": "admin.logentry", "pk": 48, "fields": {"action_time": "2024-03-24T14:24:47.486Z", "user": 1, "content_type": 8, "object_id": "4b3897a6-a12e-47b2-a852-3867a0fb84f8", "object_repr": "Chelsea Nike Away Match Shirt 2023-24 (Palmer 20)", "action_flag": 2, "change_message": "[{\"changed\": {\"fields\": [\"Name\"]}}]"}}, {"model": "admin.logentry", "pk": 49, "fields": {"action_time": "2024-03-24T14:25:17.939Z", "user": 1, "content_type": 8, "object_id": "4b3897a6-a12e-47b2-a852-3867a0fb84f8", "object_repr": "Chelsea Away Match Shirt 2023-24 (Palmer 20)", "action_flag": 2, "change_message": "[{\"changed\": {\"fields\": [\"Name\"]}}]"}}, {"model": "admin.logentry", "pk": 50, "fields": {"action_time": "2024-03-24T14:30:47.738Z", "user": 1, "content_type": 8, "object_id": "7746e81e-ffb7-458d-a8eb-b2790221b2f7", "object_repr": "Chelsea Third Match Shirt 2023-24", "action_flag": 2, "change_message": "[{\"changed\": {\"fields\": [\"Name\"]}}]"}}, {"model": "admin.logentry", "pk": 51, "fields": {"action_time": "2024-03-24T14:35:57.474Z", "user": 1, "content_type": 8, "object_id": "da41de7a-f565-477a-9ac3-8ced8d420400", "object_repr": "Chelsea Third Match Shirt 2023-24 (Palmer 20)", "action_flag": 1, "change_message": "[{\"added\": {}}, {\"added\": {\"name\": \"product image\", \"object\": \"Chelsea Third Match Shirt 2023-24 (Palmer 20)\"}}, {\"added\": {\"name\": \"product image\", \"object\": \"Chelsea Third Match Shirt 2023-24 (Palmer 20)\"}}, {\"added\": {\"name\": \"product image\", \"object\": \"Chelsea Third Match Shirt 2023-24 (Palmer 20)\"}}, {\"added\": {\"name\": \"product detail\", \"object\": \"ProductDetail object (34)\"}}, {\"added\": {\"name\": \"product detail\", \"object\": \"ProductDetail object (35)\"}}, {\"added\": {\"name\": \"product detail\", \"object\": \"ProductDetail object (36)\"}}]"}}, {"model": "admin.logentry", "pk": 52, "fields": {"action_time": "2024-03-24T14:44:32.253Z", "user": 1, "content_type": 8, "object_id": "5732ebec-9a74-4478-b38c-5ef2fcda2ecf", "object_repr": "Chelsea Third Match Shirt 2023-24 (Mudryk 10)", "action_flag": 1, "change_message": "[{\"added\": {}}, {\"added\": {\"name\": \"product image\", \"object\": \"Chelsea Third Match Shirt 2023-24 (Mudryk 10)\"}}, {\"added\": {\"name\": \"product image\", \"object\": \"Chelsea Third Match Shirt 2023-24 (Mudryk 10)\"}}, {\"added\": {\"name\": \"product image\", \"object\": \"Chelsea Third Match Shirt 2023-24 (Mudryk 10)\"}}, {\"added\": {\"name\": \"product detail\", \"object\": \"ProductDetail object (37)\"}}, {\"added\": {\"name\": \"product detail\", \"object\": \"ProductDetail object (38)\"}}, {\"added\": {\"name\": \"product detail\", \"object\": \"ProductDetail object (39)\"}}]"}}, {"model": "admin.logentry", "pk": 53, "fields": {"action_time": "2024-03-24T15:04:47.517Z", "user": 1, "content_type": 9, "object_id": "29111857-2964-49b3-99f2-637988cd2945", "object_repr": "liverpool", "action_flag": 1, "change_message": "[{\"added\": {}}]"}}, {"model": "admin.logentry", "pk": 54, "fields": {"action_time": "2024-03-24T15:04:59.280Z", "user": 1, "content_type": 9, "object_id": "10e4d0a8-3634-44a2-a564-0c9fef7d3d97", "object_repr": "anfield", "action_flag": 1, "change_message": "[{\"added\": {}}]"}}, {"model": "admin.logentry", "pk": 55, "fields": {"action_time": "2024-03-24T15:05:10.108Z", "user": 1, "content_type": 9, "object_id": "9ccee7c2-7d82-4c10-a133-3713edc4b41e", "object_repr": "klopp", "action_flag": 1, "change_message": "[{\"added\": {}}]"}}, {"model": "admin.logentry", "pk": 56, "fields": {"action_time": "2024-03-24T15:05:21.789Z", "user": 1, "content_type": 9, "object_id": "18981b3d-59fe-4202-9683-5cdd92025fcb", "object_repr": "north london", "action_flag": 1, "change_message": "[{\"added\": {}}]"}}, {"model": "admin.logentry", "pk": 57, "fields": {"action_time": "2024-03-24T15:11:34.556Z", "user": 1, "content_type": 8, "object_id": "2815bc42-ef31-4ca3-b5c5-fae65304da46", "object_repr": "Liverpool FC Nike Mens 23/24 Home Match Jersey", "action_flag": 1, "change_message": "[{\"added\": {}}, {\"added\": {\"name\": \"product image\", \"object\": \"Liverpool FC Nike Mens 23/24 Home Match Jersey\"}}, {\"added\": {\"name\": \"product image\", \"object\": \"Liverpool FC Nike Mens 23/24 Home Match Jersey\"}}, {\"added\": {\"name\": \"product image\", \"object\": \"Liverpool FC Nike Mens 23/24 Home Match Jersey\"}}, {\"added\": {\"name\": \"product detail\", \"object\": \"ProductDetail object (40)\"}}, {\"added\": {\"name\": \"product detail\", \"object\": \"ProductDetail object (41)\"}}, {\"added\": {\"name\": \"product detail\", \"object\": \"ProductDetail object (42)\"}}, {\"added\": {\"name\": \"product detail\", \"object\": \"ProductDetail object (43)\"}}, {\"added\": {\"name\": \"product detail\", \"object\": \"ProductDetail object (44)\"}}, {\"added\": {\"name\": \"product detail\", \"object\": \"ProductDetail object (45)\"}}]"}}, {"model": "admin.logentry", "pk": 58, "fields": {"action_time": "2024-03-24T15:16:12.545Z", "user": 1, "content_type": 9, "object_id": "4807e3f8-ad89-4762-b4fc-5392ef62c3f3", "object_repr": "red", "action_flag": 1, "change_message": "[{\"added\": {}}]"}}, {"model": "admin.logentry", "pk": 59, "fields": {"action_time": "2024-03-24T15:17:25.806Z", "user": 1, "content_type": 8, "object_id": "cd0112c1-7c18-4b03-a3b5-37bdc19f47e2", "object_repr": "Liverpool FC Nike Mens 23/24 Away Match Jersey", "action_flag": 1, "change_message": "[{\"added\": {}}, {\"added\": {\"name\": \"product image\", \"object\": \"Liverpool FC Nike Mens 23/24 Away Match Jersey\"}}, {\"added\": {\"name\": \"product image\", \"object\": \"Liverpool FC Nike Mens 23/24 Away Match Jersey\"}}, {\"added\": {\"name\": \"product image\", \"object\": \"Liverpool FC Nike Mens 23/24 Away Match Jersey\"}}, {\"added\": {\"name\": \"product detail\", \"object\": \"ProductDetail object (46)\"}}, {\"added\": {\"name\": \"product detail\", \"object\": \"ProductDetail object (47)\"}}, {\"added\": {\"name\": \"product detail\", \"object\": \"ProductDetail object (48)\"}}]"}}, {"model": "admin.logentry", "pk": 60, "fields": {"action_time": "2024-03-24T15:26:22.157Z", "user": 1, "content_type": 8, "object_id": "cd0112c1-7c18-4b03-a3b5-37bdc19f47e2", "object_repr": "Liverpool FC Nike Mens 23/24 Away Match Jersey", "action_flag": 2, "change_message": "[{\"changed\": {\"fields\": [\"Customizable\"]}}]"}}, {"model": "admin.logentry", "pk": 61, "fields": {"action_time": "2024-03-24T16:16:07.500Z", "user": 1, "content_type": 8, "object_id": "f6500951-9666-4274-bf89-20471e03c941", "object_repr": "Liverpool FC Nike Mens 23/24 Third Match Jersey", "action_flag": 1, "change_message": "[{\"added\": {}}, {\"added\": {\"name\": \"product image\", \"object\": \"Liverpool FC Nike Mens 23/24 Third Match Jersey\"}}, {\"added\": {\"name\": \"product image\", \"object\": \"Liverpool FC Nike Mens 23/24 Third Match Jersey\"}}, {\"added\": {\"name\": \"product image\", \"object\": \"Liverpool FC Nike Mens 23/24 Third Match Jersey\"}}, {\"added\": {\"name\": \"product detail\", \"object\": \"ProductDetail object (49)\"}}, {\"added\": {\"name\": \"product detail\", \"object\": \"ProductDetail object (50)\"}}, {\"added\": {\"name\": \"product detail\", \"object\": \"ProductDetail object (51)\"}}, {\"added\": {\"name\": \"product detail\", \"object\": \"ProductDetail object (52)\"}}, {\"added\": {\"name\": \"product detail\", \"object\": \"ProductDetail object (53)\"}}]"}}, {"model": "admin.logentry", "pk": 62, "fields": {"action_time": "2024-03-24T17:08:12.759Z", "user": 1, "content_type": 8, "object_id": "2f6166ce-ba4e-45ef-a519-daa1ded629d5", "object_repr": "Liverpool Nike 2023/24 Home Authentic Custom Jersey - Red", "action_flag": 1, "change_message": "[{\"added\": {}}, {\"added\": {\"name\": \"product image\", \"object\": \"Liverpool Nike 2023/24 Home Authentic Custom Jersey - Red\"}}, {\"added\": {\"name\": \"product image\", \"object\": \"Liverpool Nike 2023/24 Home Authentic Custom Jersey - Red\"}}, {\"added\": {\"name\": \"product image\", \"object\": \"Liverpool Nike 2023/24 Home Authentic Custom Jersey - Red\"}}, {\"added\": {\"name\": \"product detail\", \"object\": \"ProductDetail object (54)\"}}, {\"added\": {\"name\": \"product detail\", \"object\": \"ProductDetail object (55)\"}}, {\"added\": {\"name\": \"product detail\", \"object\": \"ProductDetail object (56)\"}}, {\"added\": {\"name\": \"product detail\", \"object\": \"ProductDetail object (57)\"}}]"}}, {"model": "admin.logentry", "pk": 63, "fields": {"action_time": "2024-03-24T17:08:55.142Z", "user": 1, "content_type": 8, "object_id": "2f6166ce-ba4e-45ef-a519-daa1ded629d5", "object_repr": "Liverpool Nike 2023/24 Home Custom Jersey", "action_flag": 2, "change_message": "[{\"changed\": {\"fields\": [\"Name\"]}}]"}}, {"model": "admin.logentry", "pk": 64, "fields": {"action_time": "2024-03-24T17:16:20.385Z", "user": 1, "content_type": 8, "object_id": "2f6166ce-ba4e-45ef-a519-daa1ded629d5", "object_repr": "Liverpool Nike 2023/24 Home Custom Jersey", "action_flag": 2, "change_message": "[{\"changed\": {\"fields\": [\"Featured image\"]}}]"}}, {"model": "admin.logentry", "pk": 65, "fields": {"action_time": "2024-03-24T18:09:24.365Z", "user": 1, "content_type": 8, "object_id": "72277549-4981-474f-aec2-5ca22d5e3d54", "object_repr": "Liverpool FC Nike Mens 23/24 Custom Away Match Jersey", "action_flag": 1, "change_message": "[{\"added\": {}}, {\"added\": {\"name\": \"product image\", \"object\": \"Liverpool FC Nike Mens 23/24 Custom Away Match Jersey\"}}, {\"added\": {\"name\": \"product image\", \"object\": \"Liverpool FC Nike Mens 23/24 Custom Away Match Jersey\"}}, {\"added\": {\"name\": \"product image\", \"object\": \"Liverpool FC Nike Mens 23/24 Custom Away Match Jersey\"}}, {\"added\": {\"name\": \"product detail\", \"object\": \"ProductDetail object (58)\"}}, {\"added\": {\"name\": \"product detail\", \"object\": \"ProductDetail object (59)\"}}, {\"added\": {\"name\": \"product detail\", \"object\": \"ProductDetail object (60)\"}}, {\"added\": {\"name\": \"product detail\", \"object\": \"ProductDetail object (61)\"}}, {\"added\": {\"name\": \"product detail\", \"object\": \"ProductDetail object (62)\"}}, {\"added\": {\"name\": \"product detail\", \"object\": \"ProductDetail object (63)\"}}]"}}, {"model": "admin.logentry", "pk": 66, "fields": {"action_time": "2024-03-24T18:12:28.420Z", "user": 1, "content_type": 8, "object_id": "f6500951-9666-4274-bf89-20471e03c941", "object_repr": "Liverpool FC 23/24 Home  Jersey(M. Salah 11)", "action_flag": 2, "change_message": "[{\"changed\": {\"fields\": [\"Name\"]}}]"}}, {"model": "admin.logentry", "pk": 67, "fields": {"action_time": "2024-03-24T18:21:12.371Z", "user": 1, "content_type": 8, "object_id": "0d0a9b56-916a-4fcd-8a25-bc3f38b23918", "object_repr": "Liverpool FC Away Jersey 2023-24 (Mac Allister 10)", "action_flag": 1, "change_message": "[{\"added\": {}}, {\"added\": {\"name\": \"product image\", \"object\": \"Liverpool FC Away Jersey 2023-24 (Mac Allister 10)\"}}, {\"added\": {\"name\": \"product image\", \"object\": \"Liverpool FC Away Jersey 2023-24 (Mac Allister 10)\"}}, {\"added\": {\"name\": \"product image\", \"object\": \"Liverpool FC Away Jersey 2023-24 (Mac Allister 10)\"}}, {\"added\": {\"name\": \"product detail\", \"object\": \"ProductDetail object (64)\"}}, {\"added\": {\"name\": \"product detail\", \"object\": \"ProductDetail object (65)\"}}, {\"added\": {\"name\": \"product detail\", \"object\": \"ProductDetail object (66)\"}}]"}}, {"model": "admin.logentry", "pk": 68, "fields": {"action_time": "2024-03-24T18:22:05.384Z", "user": 1, "content_type": 8, "object_id": "0d0a9b56-916a-4fcd-8a25-bc3f38b23918", "object_repr": "Liverpool FC Away Jersey 2023-24 (Mac Allister 10)", "action_flag": 2, "change_message": "[{\"changed\": {\"fields\": [\"Customizable\"]}}]"}}, {"model": "admin.logentry", "pk": 69, "fields": {"action_time": "2024-03-24T18:34:52.865Z", "user": 1, "content_type": 8, "object_id": "0d0a9b56-916a-4fcd-8a25-bc3f38b23918", "object_repr": "Liverpool FC Away Jersey 2023/2024 (Mac Allister 10)", "action_flag": 2, "change_message": "[{\"changed\": {\"fields\": [\"Name\"]}}]"}}, {"model": "admin.logentry", "pk": 70, "fields": {"action_time": "2024-03-24T18:35:40.133Z", "user": 1, "content_type": 8, "object_id": "0d0a9b56-916a-4fcd-8a25-bc3f38b23918", "object_repr": "Liverpool FC Away Jersey 2023/2024 (Mac Allister 10)", "action_flag": 2, "change_message": "[{\"changed\": {\"fields\": [\"Product tags\"]}}]"}}, {"model": "admin.logentry", "pk": 71, "fields": {"action_time": "2024-03-24T18:42:50.328Z", "user": 1, "content_type": 9, "object_id": "ca8c4a73-ed35-4a97-85d0-b22801c384eb", "object_repr": "manchester", "action_flag": 1, "change_message": "[{\"added\": {}}]"}}, {"model": "admin.logentry", "pk": 72, "fields": {"action_time": "2024-03-24T18:43:00.530Z", "user": 1, "content_type": 9, "object_id": "e6262804-c04b-41e8-992c-54e0e3bf5661", "object_repr": "city", "action_flag": 1, "change_message": "[{\"added\": {}}]"}}, {"model": "admin.logentry", "pk": 73, "fields": {"action_time": "2024-03-24T18:43:06.651Z", "user": 1, "content_type": 9, "object_id": "30951a10-165f-4d30-8848-9b4289bf540a", "object_repr": "etihad", "action_flag": 1, "change_message": "[{\"added\": {}}]"}}, {"model": "admin.logentry", "pk": 74, "fields": {"action_time": "2024-03-24T18:43:16.747Z", "user": 1, "content_type": 9, "object_id": "65745471-0303-4a92-9d84-b11703bd1631", "object_repr": "haaland", "action_flag": 1, "change_message": "[{\"added\": {}}]"}}, {"model": "admin.logentry", "pk": 75, "fields": {"action_time": "2024-03-24T18:43:28.186Z", "user": 1, "content_type": 9, "object_id": "1a55f17a-2d20-4a34-a659-91689a829c0a", "object_repr": "KDB", "action_flag": 1, "change_message": "[{\"added\": {}}]"}}, {"model": "admin.logentry", "pk": 76, "fields": {"action_time": "2024-03-24T18:43:58.089Z", "user": 1, "content_type": 9, "object_id": "c7f76805-c0e7-45c6-9dc1-43a2d189b199", "object_repr": "puma", "action_flag": 1, "change_message": "[{\"added\": {}}]"}}, {"model": "admin.logentry", "pk": 77, "fields": {"action_time": "2024-03-24T18:45:26.318Z", "user": 1, "content_type": 8, "object_id": "ba5ea25d-3663-40ac-8a18-1f4c5517019b", "object_repr": "Manchester City Home Jersey 2023/2024", "action_flag": 1, "change_message": "[{\"added\": {}}, {\"added\": {\"name\": \"product image\", \"object\": \"Manchester City Home Jersey 2023/2024\"}}, {\"added\": {\"name\": \"product image\", \"object\": \"Manchester City Home Jersey 2023/2024\"}}, {\"added\": {\"name\": \"product image\", \"object\": \"Manchester City Home Jersey 2023/2024\"}}, {\"added\": {\"name\": \"product detail\", \"object\": \"ProductDetail object (67)\"}}, {\"added\": {\"name\": \"product detail\", \"object\": \"ProductDetail object (68)\"}}, {\"added\": {\"name\": \"product detail\", \"object\": \"ProductDetail object (69)\"}}, {\"added\": {\"name\": \"product detail\", \"object\": \"ProductDetail object (70)\"}}, {\"added\": {\"name\": \"product detail\", \"object\": \"ProductDetail object (71)\"}}]"}}, {"model": "admin.logentry", "pk": 78, "fields": {"action_time": "2024-03-24T18:49:46.461Z", "user": 1, "content_type": 8, "object_id": "0a037f6c-033a-4427-8b0c-44912d142eff", "object_repr": "Manchester City Away Jersey 2023/2024", "action_flag": 1, "change_message": "[{\"added\": {}}, {\"added\": {\"name\": \"product image\", \"object\": \"Manchester City Away Jersey 2023/2024\"}}, {\"added\": {\"name\": \"product image\", \"object\": \"Manchester City Away Jersey 2023/2024\"}}, {\"added\": {\"name\": \"product image\", \"object\": \"Manchester City Away Jersey 2023/2024\"}}, {\"added\": {\"name\": \"product detail\", \"object\": \"ProductDetail object (72)\"}}, {\"added\": {\"name\": \"product detail\", \"object\": \"ProductDetail object (73)\"}}, {\"added\": {\"name\": \"product detail\", \"object\": \"ProductDetail object (74)\"}}, {\"added\": {\"name\": \"product detail\", \"object\": \"ProductDetail object (75)\"}}]"}}, {"model": "admin.logentry", "pk": 79, "fields": {"action_time": "2024-03-24T19:11:46.956Z", "user": 1, "content_type": 8, "object_id": "b4ff3915-0358-4722-aa8c-4aaea9e6dac9", "object_repr": "Manchester City Third Jersey 2023/2024", "action_flag": 1, "change_message": "[{\"added\": {}}, {\"added\": {\"name\": \"product image\", \"object\": \"Manchester City Third Jersey 2023/2024\"}}, {\"added\": {\"name\": \"product image\", \"object\": \"Manchester City Third Jersey 2023/2024\"}}, {\"added\": {\"name\": \"product image\", \"object\": \"Manchester City Third Jersey 2023/2024\"}}, {\"added\": {\"name\": \"product image\", \"object\": \"Manchester City Third Jersey 2023/2024\"}}, {\"added\": {\"name\": \"product detail\", \"object\": \"ProductDetail object (76)\"}}, {\"added\": {\"name\": \"product detail\", \"object\": \"ProductDetail object (77)\"}}, {\"added\": {\"name\": \"product detail\", \"object\": \"ProductDetail object (78)\"}}, {\"added\": {\"name\": \"product detail\", \"object\": \"ProductDetail object (79)\"}}, {\"added\": {\"name\": \"product detail\", \"object\": \"ProductDetail object (80)\"}}, {\"added\": {\"name\": \"product detail\", \"object\": \"ProductDetail object (81)\"}}]"}}, {"model": "auth.permission", "pk": 1, "fields": {"name": "Can add log entry", "content_type": 1, "codename": "add_logentry"}}, {"model": "auth.permission", "pk": 2, "fields": {"name": "Can change log entry", "content_type": 1, "codename": "change_logentry"}}, {"model": "auth.permission", "pk": 3, "fields": {"name": "Can delete log entry", "content_type": 1, "codename": "delete_logentry"}}, {"model": "auth.permission", "pk": 4, "fields": {"name": "Can view log entry", "content_type": 1, "codename": "view_logentry"}}, {"model": "auth.permission", "pk": 5, "fields": {"name": "Can add permission", "content_type": 2, "codename": "add_permission"}}, {"model": "auth.permission", "pk": 6, "fields": {"name": "Can change permission", "content_type": 2, "codename": "change_permission"}}, {"model": "auth.permission", "pk": 7, "fields": {"name": "Can delete permission", "content_type": 2, "codename": "delete_permission"}}, {"model": "auth.permission", "pk": 8, "fields": {"name": "Can view permission", "content_type": 2, "codename": "view_permission"}}, {"model": "auth.permission", "pk": 9, "fields": {"name": "Can add group", "content_type": 3, "codename": "add_group"}}, {"model": "auth.permission", "pk": 10, "fields": {"name": "Can change group", "content_type": 3, "codename": "change_group"}}, {"model": "auth.permission", "pk": 11, "fields": {"name": "Can delete group", "content_type": 3, "codename": "delete_group"}}, {"model": "auth.permission", "pk": 12, "fields": {"name": "Can view group", "content_type": 3, "codename": "view_group"}}, {"model": "auth.permission", "pk": 13, "fields": {"name": "Can add user", "content_type": 4, "codename": "add_user"}}, {"model": "auth.permission", "pk": 14, "fields": {"name": "Can change user", "content_type": 4, "codename": "change_user"}}, {"model": "auth.permission", "pk": 15, "fields": {"name": "Can delete user", "content_type": 4, "codename": "delete_user"}}, {"model": "auth.permission", "pk": 16, "fields": {"name": "Can view user", "content_type": 4, "codename": "view_user"}}, {"model": "auth.permission", "pk": 17, "fields": {"name": "Can add content type", "content_type": 5, "codename": "add_contenttype"}}, {"model": "auth.permission", "pk": 18, "fields": {"name": "Can change content type", "content_type": 5, "codename": "change_contenttype"}}, {"model": "auth.permission", "pk": 19, "fields": {"name": "Can delete content type", "content_type": 5, "codename": "delete_contenttype"}}, {"model": "auth.permission", "pk": 20, "fields": {"name": "Can view content type", "content_type": 5, "codename": "view_contenttype"}}, {"model": "auth.permission", "pk": 21, "fields": {"name": "Can add session", "content_type": 6, "codename": "add_session"}}, {"model": "auth.permission", "pk": 22, "fields": {"name": "Can change session", "content_type": 6, "codename": "change_session"}}, {"model": "auth.permission", "pk": 23, "fields": {"name": "Can delete session", "content_type": 6, "codename": "delete_session"}}, {"model": "auth.permission", "pk": 24, "fields": {"name": "Can view session", "content_type": 6, "codename": "view_session"}}, {"model": "auth.permission", "pk": 25, "fields": {"name": "Can add drip guide", "content_type": 7, "codename": "add_dripguide"}}, {"model": "auth.permission", "pk": 26, "fields": {"name": "Can change drip guide", "content_type": 7, "codename": "change_dripguide"}}, {"model": "auth.permission", "pk": 27, "fields": {"name": "Can delete drip guide", "content_type": 7, "codename": "delete_dripguide"}}, {"model": "auth.permission", "pk": 28, "fields": {"name": "Can view drip guide", "content_type": 7, "codename": "view_dripguide"}}, {"model": "auth.permission", "pk": 29, "fields": {"name": "Can add item", "content_type": 8, "codename": "add_item"}}, {"model": "auth.permission", "pk": 30, "fields": {"name": "Can change item", "content_type": 8, "codename": "change_item"}}, {"model": "auth.permission", "pk": 31, "fields": {"name": "Can delete item", "content_type": 8, "codename": "delete_item"}}, {"model": "auth.permission", "pk": 32, "fields": {"name": "Can view item", "content_type": 8, "codename": "view_item"}}, {"model": "auth.permission", "pk": 33, "fields": {"name": "Can add product tag", "content_type": 9, "codename": "add_producttag"}}, {"model": "auth.permission", "pk": 34, "fields": {"name": "Can change product tag", "content_type": 9, "codename": "change_producttag"}}, {"model": "auth.permission", "pk": 35, "fields": {"name": "Can delete product tag", "content_type": 9, "codename": "delete_producttag"}}, {"model": "auth.permission", "pk": 36, "fields": {"name": "Can view product tag", "content_type": 9, "codename": "view_producttag"}}, {"model": "auth.permission", "pk": 37, "fields": {"name": "Can add size", "content_type": 10, "codename": "add_size"}}, {"model": "auth.permission", "pk": 38, "fields": {"name": "Can change size", "content_type": 10, "codename": "change_size"}}, {"model": "auth.permission", "pk": 39, "fields": {"name": "Can delete size", "content_type": 10, "codename": "delete_size"}}, {"model": "auth.permission", "pk": 40, "fields": {"name": "Can view size", "content_type": 10, "codename": "view_size"}}, {"model": "auth.permission", "pk": 41, "fields": {"name": "Can add order", "content_type": 11, "codename": "add_order"}}, {"model": "auth.permission", "pk": 42, "fields": {"name": "Can change order", "content_type": 11, "codename": "change_order"}}, {"model": "auth.permission", "pk": 43, "fields": {"name": "Can delete order", "content_type": 11, "codename": "delete_order"}}, {"model": "auth.permission", "pk": 44, "fields": {"name": "Can view order", "content_type": 11, "codename": "view_order"}}, {"model": "auth.permission", "pk": 45, "fields": {"name": "Can add product detail", "content_type": 12, "codename": "add_productdetail"}}, {"model": "auth.permission", "pk": 46, "fields": {"name": "Can change product detail", "content_type": 12, "codename": "change_productdetail"}}, {"model": "auth.permission", "pk": 47, "fields": {"name": "Can delete product detail", "content_type": 12, "codename": "delete_productdetail"}}, {"model": "auth.permission", "pk": 48, "fields": {"name": "Can view product detail", "content_type": 12, "codename": "view_productdetail"}}, {"model": "auth.permission", "pk": 49, "fields": {"name": "Can add product image", "content_type": 13, "codename": "add_productimage"}}, {"model": "auth.permission", "pk": 50, "fields": {"name": "Can change product image", "content_type": 13, "codename": "change_productimage"}}, {"model": "auth.permission", "pk": 51, "fields": {"name": "Can delete product image", "content_type": 13, "codename": "delete_productimage"}}, {"model": "auth.permission", "pk": 52, "fields": {"name": "Can view product image", "content_type": 13, "codename": "view_productimage"}}, {"model": "auth.permission", "pk": 53, "fields": {"name": "Can add product review", "content_type": 14, "codename": "add_productreview"}}, {"model": "auth.permission", "pk": 54, "fields": {"name": "Can change product review", "content_type": 14, "codename": "change_productreview"}}, {"model": "auth.permission", "pk": 55, "fields": {"name": "Can delete product review", "content_type": 14, "codename": "delete_productreview"}}, {"model": "auth.permission", "pk": 56, "fields": {"name": "Can view product review", "content_type": 14, "codename": "view_productreview"}}, {"model": "auth.permission", "pk": 57, "fields": {"name": "Can add country", "content_type": 15, "codename": "add_country"}}, {"model": "auth.permission", "pk": 58, "fields": {"name": "Can change country", "content_type": 15, "codename": "change_country"}}, {"model": "auth.permission", "pk": 59, "fields": {"name": "Can delete country", "content_type": 15, "codename": "delete_country"}}, {"model": "auth.permission", "pk": 60, "fields": {"name": "Can view country", "content_type": 15, "codename": "view_country"}}, {"model": "auth.permission", "pk": 61, "fields": {"name": "Can add city", "content_type": 16, "codename": "add_city"}}, {"model": "auth.permission", "pk": 62, "fields": {"name": "Can change city", "content_type": 16, "codename": "change_city"}}, {"model": "auth.permission", "pk": 63, "fields": {"name": "Can delete city", "content_type": 16, "codename": "delete_city"}}, {"model": "auth.permission", "pk": 64, "fields": {"name": "Can view city", "content_type": 16, "codename": "view_city"}}, {"model": "auth.permission", "pk": 65, "fields": {"name": "Can add shipping info", "content_type": 17, "codename": "add_shippinginfo"}}, {"model": "auth.permission", "pk": 66, "fields": {"name": "Can change shipping info", "content_type": 17, "codename": "change_shippinginfo"}}, {"model": "auth.permission", "pk": 67, "fields": {"name": "Can delete shipping info", "content_type": 17, "codename": "delete_shippinginfo"}}, {"model": "auth.permission", "pk": 68, "fields": {"name": "Can view shipping info", "content_type": 17, "codename": "view_shippinginfo"}}, {"model": "auth.user", "pk": 1, "fields": {"password": "pbkdf2_sha256$720000$77aYcUTb1WiElKdxORcj9E$DokcnlbTm2lo+u/mQopVcBKdam9+vmi/4eSLEYoxj74=", "last_login": "2024-03-24T13:45:08Z", "is_superuser": true, "username": "tobiekundayo", "first_name": "Oluwatobi", "last_name": "Ekundayo", "email": "oluwatobiekundayo691@gmail.com", "is_staff": true, "is_active": true, "date_joined": "2024-03-22T21:16:17Z", "groups": [], "user_permissions": []}}, {"model": "auth.user", "pk": 2, "fields": {"password": "pbkdf2_sha256$720000$JV8rZt0IKX3hZblR6etPQB$16m5SYCZvnewjZl1No8zU31M6HbeGsc7mxAWa/gF2ZI=", "last_login": "2024-03-24T07:41:19.824Z", "is_superuser": false, "username": "ekundayo", "first_name": "Oluwatobi ", "last_name": "Ekundayo ", "email": "tobiekundayo07@gmail.com", "is_staff": false, "is_active": true, "date_joined": "2024-03-24T07:41:18.759Z", "groups": [], "user_permissions": []}}, {"model": "auth.user", "pk": 3, "fields": {"password": "pbkdf2_sha256$720000$326zyrXWqezTtmBHDIUups$to1KBRiZ8X/Pduea/l1s4rw/OZDRp86WJlzrTzmscE4=", "last_login": "2024-03-24T14:51:47.918Z", "is_superuser": false, "username": "emmanuelokolocha", "first_name": "Emmanuel ", "last_name": "Okolocha", "email": "okolocha36@gmail.com", "is_staff": false, "is_active": true, "date_joined": "2024-03-24T14:51:45.879Z", "groups": [], "user_permissions": []}}, {"model": "contenttypes.contenttype", "pk": 1, "fields": {"app_label": "admin", "model": "logentry"}}, {"model": "contenttypes.contenttype", "pk": 2, "fields": {"app_label": "auth", "model": "permission"}}, {"model": "contenttypes.contenttype", "pk": 3, "fields": {"app_label": "auth", "model": "group"}}, {"model": "contenttypes.contenttype", "pk": 4, "fields": {"app_label": "auth", "model": "user"}}, {"model": "contenttypes.contenttype", "pk": 5, "fields": {"app_label": "contenttypes", "model": "contenttype"}}, {"model": "contenttypes.contenttype", "pk": 6, "fields": {"app_label": "sessions", "model": "session"}}, {"model": "contenttypes.contenttype", "pk": 7, "fields": {"app_label": "core", "model": "dripguide"}}, {"model": "contenttypes.contenttype", "pk": 8, "fields": {"app_label": "products", "model": "item"}}, {"model": "contenttypes.contenttype", "pk": 9, "fields": {"app_label": "products", "model": "producttag"}}, {"model": "contenttypes.contenttype", "pk": 10, "fields": {"app_label": "products", "model": "size"}}, {"model": "contenttypes.contenttype", "pk": 11, "fields": {"app_label": "products", "model": "order"}}, {"model": "contenttypes.contenttype", "pk": 12, "fields": {"app_label": "products", "model": "productdetail"}}, {"model": "contenttypes.contenttype", "pk": 13, "fields": {"app_label": "products", "model": "productimage"}}, {"model": "contenttypes.contenttype", "pk": 14, "fields": {"app_label": "products", "model": "productreview"}}, {"model": "contenttypes.contenttype", "pk": 15, "fields": {"app_label": "accounts", "model": "country"}}, {"model": "contenttypes.contenttype", "pk": 16, "fields": {"app_label": "accounts", "model": "city"}}, {"model": "contenttypes.contenttype", "pk": 17, "fields": {"app_label": "accounts", "model": "shippinginfo"}}, {"model": "sessions.session", "pk": "4f89slcexrft88aut83ubqdqm8rgtb59", "fields": {"session_data": ".eJxVjM1uhDAMhN8l5wVlwXYCx57bZ0B2fhZaNqiQHKpV371B3UPr03jmm3moiUuep3KEfVq8GlWnLn89YfcR0hn4d063rXVbyvsi7Ym0z_Ro3zYf1pcn-29g5mOubQqC4jgMg0MmHQ068EOkvpcIBAy9NhHQdEAYRITlikaD19YBWIQ66njPanwo2yEPqKkxyL4B7aixEGzDnUUKQCTXeHKvvN_CKT4Lp7zkLzXiRSW-VzOVda263CXsv993vR_oyVYT:1roMDq:Kh3xDAPObOkCXblhC7lEeLfJP36EopbSS-cpWzFmUmg", "expire_date": "2024-04-07T11:41:06.469Z"}}, {"model": "sessions.session", "pk": "65316w4ln6nembpus9952xqmit4l1xox", "fields": {"session_data": ".eJx9jDtyhDAQRO-ieEUJfZAgdL5noEYzI4MNogwocG1xd0N5kw3srHv6zXsIhHUX3UMQ2JrYg0yucdL6M7WARgZkCmS1skpd3J1pLPOVvgrkfdy_RadvIsPMostlms5c5sjrbzuOm3DeaI6Mp9Bbaa0PMpqA0nHSCQk0Y_pLXf-nPt09lH3oy8ZrP5LohBEvtwj4yfka6APy-1Lhkvd1jNWFVM91q-4L8fT2ZF8EA2zD-d34tuEWo4uxqVVNKlCM6JVRhGxa8tZzS6YOCrxLPmiNyaTAyQFbTSCOHwwsdKY:1roPCN:EAQTXwqdmYu4bQFvFThZ1bmc-sUTejp87YV0nFVnvHI", "expire_date": "2024-04-07T14:51:47.923Z"}}, {"model": "sessions.session", "pk": "vp57133zt5qfyw4s4e4f7yh2q1cpfkyh", "fields": {"session_data": ".eJx9jDtyhDAQRO-iGFH6jT6EzvcM1EgaDDYryoAC1xZ3N5Q3sAM7655-8x6sx7qPfd1o7afMOiZZ8_MWMb1TuYb8huV1adNS9nWK7YW0z3Vrb0um-eXJ_hKMuI3nNwqBdsgWvNPZIEjtNToyVksvh2CjUBqDicFm6dCQo-AoQoiYUScXTmnCdWfdg3kFGEBY7gAzNyJZ7g15jsqDPY02yuHibpSner_SR8WyT_sn61TDCt6JdaXO85nrPdL63Y6jYcpLiMkoToOW3CTUPEICPiBZ0MJkNPYvtfxPfRxfOy5yjA:1rodnY:zGjv7KZ1HXhGY7R6RY4XEp6l5LCCiv5RPTKKbC6P3WQ", "expire_date": "2024-04-08T06:27:08.950Z"}}, {"model": "sessions.session", "pk": "ybglzbea42s44zlpgqep3szu6zip28z1", "fields": {"session_data": ".eJxVj8tqwzAQRX-lzDo2muhleVnorvkGM5ImsZtGprIEDaH_XhmyaGc39545MA-YqJZ5qhvnaYkwAsLhb-YpXDntRfygdFn7sKaSF9_vSP9st_60Rv58fbL_BDNtc7smIcico9GDlVGRRjlIsqyMxAHPznhxlOSUdyaiJcWWnWWvnadIMljXpIFygfEBDg1aKbHjaEOn0Ilu8Fp3yqLQrglV8Dv39l0yvbxTvvC-flVKZSl3GI8HSHRrIZxqzPdrc6d685z39wX8tPkF1mlXWw:1roORu:Yjw7dA2wCbwp8wYfaD4SX20BDVs-bBDr06Su8XzyWvc", "expire_date": "2024-04-07T14:03:46.622Z"}}, {"model": "products.producttag", "pk": "01fef3e4-aa48-4454-9e85-b48f6cb93078", "fields": {"tag": "away"}}, {"model": "products.producttag", "pk": "10e4d0a8-3634-44a2-a564-0c9fef7d3d97", "fields": {"tag": "anfield"}}, {"model": "products.producttag", "pk": "12407594-cf72-40a3-932f-3609d99e79a1", "fields": {"tag": "nike"}}, {"model": "products.producttag", "pk": "18981b3d-59fe-4202-9683-5cdd92025fcb", "fields": {"tag": "north london"}}, {"model": "products.producttag", "pk": "1a55f17a-2d20-4a34-a659-91689a829c0a", "fields": {"tag": "KDB"}}, {"model": "products.producttag", "pk": "2362c5c7-4728-437e-904b-af712b6e831f", "fields": {"tag": "third"}}, {"model": "products.producttag", "pk": "29111857-2964-49b3-99f2-637988cd2945", "fields": {"tag": "liverpool"}}, {"model": "products.producttag", "pk": "2bd46b22-d54d-49bb-949b-de2743882cff", "fields": {"tag": "chelsea"}}, {"model": "products.producttag", "pk": "30951a10-165f-4d30-8848-9b4289bf540a", "fields": {"tag": "etihad"}}, {"model": "products.producttag", "pk": "3843f5f0-2d03-4008-ba2e-88c7e1f507c3", "fields": {"tag": "stamford"}}, {"model": "products.producttag", "pk": "38e95b7b-6792-42a9-b08c-c0f571302715", "fields": {"tag": "home kit"}}, {"model": "products.producttag", "pk": "4807e3f8-ad89-4762-b4fc-5392ef62c3f3", "fields": {"tag": "red"}}, {"model": "products.producttag", "pk": "65745471-0303-4a92-9d84-b11703bd1631", "fields": {"tag": "haaland"}}, {"model": "products.producttag", "pk": "6df40c61-edb5-45dc-8dc8-1d8174c49180", "fields": {"tag": "tag 1"}}, {"model": "products.producttag", "pk": "7cabc2e0-fcad-461f-99db-3f5190e2e2a3", "fields": {"tag": "mudryk"}}, {"model": "products.producttag", "pk": "88396179-a2be-41f0-ba67-c3386c14eb55", "fields": {"tag": "blue"}}, {"model": "products.producttag", "pk": "9ccee7c2-7d82-4c10-a133-3713edc4b41e", "fields": {"tag": "klopp"}}, {"model": "products.producttag", "pk": "9d496702-f60e-4b73-8542-8acf1b9c6c29", "fields": {"tag": "custom"}}, {"model": "products.producttag", "pk": "c7f76805-c0e7-45c6-9dc1-43a2d189b199", "fields": {"tag": "puma"}}, {"model": "products.producttag", "pk": "ca8c4a73-ed35-4a97-85d0-b22801c384eb", "fields": {"tag": "manchester"}}, {"model": "products.producttag", "pk": "cb1a7b79-9dd4-49a8-9499-a1c0e4874042", "fields": {"tag": "london"}}, {"model": "products.producttag", "pk": "e6262804-c04b-41e8-992c-54e0e3bf5661", "fields": {"tag": "city"}}, {"model": "products.producttag", "pk": "f4b566a4-fe49-4e92-adc8-dcc8bb464d16", "fields": {"tag": "palmer"}}, {"model": "products.size", "pk": 1, "fields": {"size": "medium"}}, {"model": "products.size", "pk": 2, "fields": {"size": "Medium"}}, {"model": "products.size", "pk": 3, "fields": {"size": "Large"}}, {"model": "products.size", "pk": 4, "fields": {"size": "Extra Large"}}, {"model": "products.size", "pk": 5, "fields": {"size": "Extra Extra Large"}}, {"model": "products.item", "pk": "0a037f6c-033a-4427-8b0c-44912d142eff", "fields": {"name": "Manchester City Away Jersey 2023/2024", "price": 11000, "initial_price": 14000, "active": true, "customizable": false, "description": "Show your Manchester City pride for every match when you wear Manchester City 2023/24 Away Authentic Player Jersey from Puma. This jersey features DryCELL technology to help keep you dry and cool throughout the day. The sleek Manchester City graphics and designs will make you proud to be a Cityzen whenever you wear it.", "featured_image": "products/featured/images/away_nawZ50q.avif", "version": "MODERN", "league": "PREMIER LEAGUE", "type": "JERSEY", "kit_type": "AWAY", "season": "2023/2024", "stock": 1000, "product_tags": ["01fef3e4-aa48-4454-9e85-b48f6cb93078", "1a55f17a-2d20-4a34-a659-91689a829c0a", "30951a10-165f-4d30-8848-9b4289bf540a", "65745471-0303-4a92-9d84-b11703bd1631", "88396179-a2be-41f0-ba67-c3386c14eb55", "c7f76805-c0e7-45c6-9dc1-43a2d189b199", "ca8c4a73-ed35-4a97-85d0-b22801c384eb", "e6262804-c04b-41e8-992c-54e0e3bf5661"], "sizes": [2, 3, 4, 5]}}, {"model": "products.item", "pk": "0d0a9b56-916a-4fcd-8a25-bc3f38b23918", "fields": {"name": "Liverpool FC Away Jersey 2023/2024 (Mac Allister 10)", "price": 15000, "initial_price": 17000, "active": true, "customizable": false, "description": "Get ready to root on the Mighty Reds whenever you wear this Liverpool Alexis Mac Allister 2023/24 Away Replica Player Jersey from Nike. This lightweight jersey is perfect for watching from the comfort of your home or playing a match with your friends. With the classic Liverpool graphics, you'll never walk alone", "featured_image": "products/featured/images/mac_allister_away.webp", "version": "MODERN", "league": "PREMIER LEAGUE", "type": "JERSEY", "kit_type": "AWAY", "season": "2023/2024", "stock": 1000, "product_tags": ["01fef3e4-aa48-4454-9e85-b48f6cb93078", "10e4d0a8-3634-44a2-a564-0c9fef7d3d97", "12407594-cf72-40a3-932f-3609d99e79a1", "18981b3d-59fe-4202-9683-5cdd92025fcb", "29111857-2964-49b3-99f2-637988cd2945", "4807e3f8-ad89-4762-b4fc-5392ef62c3f3", "9ccee7c2-7d82-4c10-a133-3713edc4b41e", "9d496702-f60e-4b73-8542-8acf1b9c6c29", "cb1a7b79-9dd4-49a8-9499-a1c0e4874042"], "sizes": [2, 3, 4, 5]}}, {"model": "products.item", "pk": "27196caa-a68d-4041-91fd-d269f7493610", "fields": {"name": "Chelsea Home Stadium Shirt 2023-24(Palmer 20)", "price": 15000, "initial_price": 17000, "active": true, "customizable": false, "description": "The 2023/24 Chelsea Home kit brings the glamour of King's Road onto the field with an allover blue base and luxurious gold accents. Inside, you will find a hidden London Chelsea FC design on the inner pride. Our Stadium collection pairs replica design details with sweat-wicking technology to give you a game-ready look inspired by your favourite team.", "featured_image": "products/featured/images/palmer_home.avif", "version": "MODERN", "league": "PREMIER LEAGUE", "type": "JERSEY", "kit_type": "HOME", "season": "2023/2024", "stock": 1000, "product_tags": ["12407594-cf72-40a3-932f-3609d99e79a1", "2bd46b22-d54d-49bb-949b-de2743882cff", "3843f5f0-2d03-4008-ba2e-88c7e1f507c3", "38e95b7b-6792-42a9-b08c-c0f571302715", "88396179-a2be-41f0-ba67-c3386c14eb55", "cb1a7b79-9dd4-49a8-9499-a1c0e4874042", "f4b566a4-fe49-4e92-adc8-dcc8bb464d16"], "sizes": [2, 3, 4, 5]}}, {"model": "products.item", "pk": "2815bc42-ef31-4ca3-b5c5-fae65304da46", "fields": {"name": "Liverpool FC Nike Mens 23/24 Home Match Jersey", "price": 11000, "initial_price": 14000, "active": true, "customizable": false, "description": "Liverpool FC are proud to reveal the new LFC Nike Mens 23/24 Home Match Jersey for the 2023/24 season.\r\n\r\nOur Match range is an authentic design, the same look worn by the players on the pitch.\r\n\r\nWhite contrast collar & cuffs nod to a jersey worn by the legendary 74 squad - the re-birth of Shanklys second team who triumphantly won the FA Cup.\r\n\r\nA 97 set between two eternal flames resides on the back of the collar remembers the 97 people who tragically lost their lives at the Hillsborough Disaster.\r\n\r\nOur Match collection pairs authentic design details with Nike Dri-FIT technology informed by athlete testing. Moisture-wicking, open-hole fabric in high-heat zones helps Liverpool players and fans alike stay cool and comfortable during intense games or training sessions.", "featured_image": "products/featured/images/home.avif", "version": "MODERN", "league": "PREMIER LEAGUE", "type": "JERSEY", "kit_type": "HOME", "season": "2023/2024", "stock": 1000, "product_tags": ["10e4d0a8-3634-44a2-a564-0c9fef7d3d97", "12407594-cf72-40a3-932f-3609d99e79a1", "18981b3d-59fe-4202-9683-5cdd92025fcb", "29111857-2964-49b3-99f2-637988cd2945", "38e95b7b-6792-42a9-b08c-c0f571302715", "9ccee7c2-7d82-4c10-a133-3713edc4b41e"], "sizes": [2, 3, 4, 5]}}, {"model": "products.item", "pk": "2f6166ce-ba4e-45ef-a519-daa1ded629d5", "fields": {"name": "Liverpool Nike 2023/24 Home Custom Jersey", "price": 15000, "initial_price": 17000, "active": true, "customizable": true, "description": "Get ready to root on the Mighty Reds whenever you wear this Liverpool 2023/24 Home Authentic Custom Jersey from Nike. This authentic jersey will make you feel like you're stepping on the pitch at Anfield alongside your favorite players. With the classic Liverpool graphics, you'll never walk alone.", "featured_image": "products/featured/images/custom_home.avif", "version": "MODERN", "league": "PREMIER LEAGUE", "type": "JERSEY", "kit_type": "HOME", "season": "2023/2024", "stock": 998, "product_tags": ["10e4d0a8-3634-44a2-a564-0c9fef7d3d97", "18981b3d-59fe-4202-9683-5cdd92025fcb", "29111857-2964-49b3-99f2-637988cd2945", "38e95b7b-6792-42a9-b08c-c0f571302715", "4807e3f8-ad89-4762-b4fc-5392ef62c3f3", "9ccee7c2-7d82-4c10-a133-3713edc4b41e", "9d496702-f60e-4b73-8542-8acf1b9c6c29", "cb1a7b79-9dd4-49a8-9499-a1c0e4874042"], "sizes": [2, 3, 4, 5]}}, {"model": "products.item", "pk": "4b3897a6-a12e-47b2-a852-3867a0fb84f8", "fields": {"name": "Chelsea Away Match Shirt 2023-24 (Palmer 20)", "price": 15000, "initial_price": 17000, "active": true, "customizable": false, "description": "Who doesn't love an early '2000s throwback? Coming to you all the way from 2002, the 2023/24 Chelsea Away Jersey mixes classic colours and an all-over digital graphic with blue accents on the collar and sleeves. On the inside of the jersey, you will find a hidden London Chelsea FC design. Our Stadium collection pairs replica design details with sweat-wicking technology to give you a game-ready look inspired by your favourite team.", "featured_image": "products/featured/images/palmer_away.avif", "version": "MODERN", "league": "PREMIER LEAGUE", "type": "JERSEY", "kit_type": "AWAY", "season": "2023/2024", "stock": 1000, "product_tags": ["01fef3e4-aa48-4454-9e85-b48f6cb93078", "12407594-cf72-40a3-932f-3609d99e79a1", "2bd46b22-d54d-49bb-949b-de2743882cff", "3843f5f0-2d03-4008-ba2e-88c7e1f507c3", "38e95b7b-6792-42a9-b08c-c0f571302715", "88396179-a2be-41f0-ba67-c3386c14eb55", "cb1a7b79-9dd4-49a8-9499-a1c0e4874042", "f4b566a4-fe49-4e92-adc8-dcc8bb464d16"], "sizes": [2, 3, 4, 5]}}, {"model": "products.item", "pk": "5732ebec-9a74-4478-b38c-5ef2fcda2ecf", "fields": {"name": "Chelsea Third Match Shirt 2023-24 (Mudryk 10)", "price": 15000, "initial_price": 17000, "active": true, "customizable": false, "description": "Show off your love and support for Chelsea with the official Third Vapor Match shirt for the 2023-24 season. Featuring the same design and technology as the on-pitch shirt worn by the team's players, nothing can equip you better for stepping into the game yourself. Sweat-wicking technology keeps you cool and comfortable in combination with a lightweight design so that you can perform at your best with nothing weighing you down.", "featured_image": "products/featured/images/mudryk_third.avif", "version": "MODERN", "league": "PREMIER LEAGUE", "type": "JERSEY", "kit_type": "THIRD", "season": "2023/2024", "stock": 999, "product_tags": ["12407594-cf72-40a3-932f-3609d99e79a1", "2362c5c7-4728-437e-904b-af712b6e831f", "2bd46b22-d54d-49bb-949b-de2743882cff", "3843f5f0-2d03-4008-ba2e-88c7e1f507c3", "7cabc2e0-fcad-461f-99db-3f5190e2e2a3", "88396179-a2be-41f0-ba67-c3386c14eb55", "9d496702-f60e-4b73-8542-8acf1b9c6c29", "cb1a7b79-9dd4-49a8-9499-a1c0e4874042", "f4b566a4-fe49-4e92-adc8-dcc8bb464d16"], "sizes": [2, 3, 4, 5]}}, {"model": "products.item", "pk": "72277549-4981-474f-aec2-5ca22d5e3d54", "fields": {"name": "Liverpool FC Nike Mens 23/24 Custom Away Match Jersey", "price": 15000, "initial_price": 17000, "active": true, "customizable": true, "description": "Get ready to root on the Mighty Reds whenever you wear this Liverpool 2023/24 Away Authentic Custom Jersey from Nike. This authentic jersey will make you feel like you're stepping on the pitch alongside your favorite players. With the classic Liverpool graphics, you'll never walk alone.", "featured_image": "products/featured/images/away_custom.avif", "version": "MODERN", "league": "PREMIER LEAGUE", "type": "JERSEY", "kit_type": "AWAY", "season": "2023/2024", "stock": 1000, "product_tags": ["01fef3e4-aa48-4454-9e85-b48f6cb93078", "10e4d0a8-3634-44a2-a564-0c9fef7d3d97", "12407594-cf72-40a3-932f-3609d99e79a1", "18981b3d-59fe-4202-9683-5cdd92025fcb", "29111857-2964-49b3-99f2-637988cd2945", "4807e3f8-ad89-4762-b4fc-5392ef62c3f3", "9ccee7c2-7d82-4c10-a133-3713edc4b41e", "cb1a7b79-9dd4-49a8-9499-a1c0e4874042"], "sizes": [2, 3, 4, 5]}}, {"model": "products.item", "pk": "7746e81e-ffb7-458d-a8eb-b2790221b2f7", "fields": {"name": "Chelsea Third Match Shirt 2023-24", "price": 11000, "initial_price": 14000, "active": true, "customizable": false, "description": "Show off your love and support for Chelsea with the official Third Vapor Match shirt for the 2023-24 season. Featuring the same design and technology as the on-pitch shirt worn by the team's players, nothing can equip you better for stepping into the game yourself. Sweat-wicking technology keeps you cool and comfortable in combination with a lightweight design so that you can perform at your best with nothing weighing you down.", "featured_image": "products/featured/images/third_kit_sponsor.avif", "version": "MODERN", "league": "PREMIER LEAGUE", "type": "JERSEY", "kit_type": "THIRD", "season": "2023/2024", "stock": 1000, "product_tags": ["12407594-cf72-40a3-932f-3609d99e79a1", "2362c5c7-4728-437e-904b-af712b6e831f", "2bd46b22-d54d-49bb-949b-de2743882cff", "3843f5f0-2d03-4008-ba2e-88c7e1f507c3", "88396179-a2be-41f0-ba67-c3386c14eb55", "cb1a7b79-9dd4-49a8-9499-a1c0e4874042"], "sizes": [2, 3, 4, 5]}}, {"model": "products.item", "pk": "825a9506-75ad-40c6-84e8-a2856e466b1f", "fields": {"name": "Chelsea Home Stadium Shirt 2023-24", "price": 11000, "initial_price": 14000, "active": true, "customizable": false, "description": "The 2023/24 Chelsea Home kit brings the glamour of King's Road onto the field with an allover blue base and luxurious gold accents. Inside, you will find a hidden London Chelsea FC design on the inner pride. Our Stadium collection pairs replica design details with sweat-wicking technology to give you a game-ready look inspired by your favourite team.", "featured_image": "products/featured/images/chelsea_sponsored_kit.avif", "version": "MODERN", "league": "PREMIER LEAGUE", "type": "JERSEY", "kit_type": "HOME", "season": "2023/2024", "stock": 1000, "product_tags": ["12407594-cf72-40a3-932f-3609d99e79a1", "2bd46b22-d54d-49bb-949b-de2743882cff", "3843f5f0-2d03-4008-ba2e-88c7e1f507c3", "38e95b7b-6792-42a9-b08c-c0f571302715", "88396179-a2be-41f0-ba67-c3386c14eb55", "cb1a7b79-9dd4-49a8-9499-a1c0e4874042"], "sizes": [2, 3, 4, 5]}}, {"model": "products.item", "pk": "91617331-ed7c-4190-8b55-4710596314cb", "fields": {"name": "Chelsea 2023/24 Away Stadium Custom Jersey", "price": 15000, "initial_price": 17000, "active": true, "customizable": true, "description": "We want fans to celebrate their fandom by customizing and personalizing certain products. For these customizable products, including jerseys, we invite customers to tell us how they would like their preferred name or other text to appear by typing that text into the field indicated. You've always wanted to take the pitch for Chelsea and feel like a real player for your favorite team. This Nike 2023/24 Away Stadium Replica Custom Jersey will get you one step closer. The name and jersey number on the back is customizable, so you can fulfill the dream of seeing your name and favorite number on a Chelsea jersey.", "featured_image": "products/featured/images/custom_kit_away.avif", "version": "MODERN", "league": "PREMIER LEAGUE", "type": "JERSEY", "kit_type": "AWAY", "season": "2023/2024", "stock": 1000, "product_tags": ["01fef3e4-aa48-4454-9e85-b48f6cb93078", "12407594-cf72-40a3-932f-3609d99e79a1", "2bd46b22-d54d-49bb-949b-de2743882cff", "3843f5f0-2d03-4008-ba2e-88c7e1f507c3", "88396179-a2be-41f0-ba67-c3386c14eb55", "9d496702-f60e-4b73-8542-8acf1b9c6c29", "cb1a7b79-9dd4-49a8-9499-a1c0e4874042"], "sizes": [2, 3, 4, 5]}}, {"model": "products.item", "pk": "9a4c7102-5c68-4b09-863c-e93949d76b8d", "fields": {"name": "Chelsea Home Stadium Shirt 2023-24(Mudryk 10)", "price": 15000, "initial_price": 17000, "active": true, "customizable": false, "description": "The 2023/24 Chelsea Home kit brings the glamour of King's Road onto the field with an allover blue base and luxurious gold accents. Inside, you will find a hidden London Chelsea FC design on the inner pride. Our Stadium collection pairs replica design details with sweat-wicking technology to give you a game-ready look inspired by your favourite team.", "featured_image": "products/featured/images/mudryk_home_chelsea_sponsor.avif", "version": "MODERN", "league": "PREMIER LEAGUE", "type": "JERSEY", "kit_type": "HOME", "season": "2023/2024", "stock": 1000, "product_tags": ["12407594-cf72-40a3-932f-3609d99e79a1", "2bd46b22-d54d-49bb-949b-de2743882cff", "3843f5f0-2d03-4008-ba2e-88c7e1f507c3", "38e95b7b-6792-42a9-b08c-c0f571302715", "7cabc2e0-fcad-461f-99db-3f5190e2e2a3", "9d496702-f60e-4b73-8542-8acf1b9c6c29", "cb1a7b79-9dd4-49a8-9499-a1c0e4874042"], "sizes": [2, 3, 4, 5]}}, {"model": "products.item", "pk": "b4ff3915-0358-4722-aa8c-4aaea9e6dac9", "fields": {"name": "Manchester City Third Jersey 2023/2024", "price": 11000, "initial_price": 15000, "active": true, "customizable": false, "description": "With the Manchester City 2023/24 Third Kit, we celebrate City's lightning-fast style of play and the buzzing atmosphere of Manchester. Inspired by the electric energy of the team and Cityzens around the globe, this Third jersey is made with 100% recycled materials and features the official Manchester City club crest embroided on the left chest and PUMA Cat logo. This European Champions jersey as worn in the European away games has an electric spark pattern throughout, along with neon pink takes on the club crest and sponsor logos. Designed with a regular fit silhouette for maximum comfort and style. Perfect for match days or representing your favourite team on the streets.", "featured_image": "products/featured/images/third_kit.jpg", "version": "MODERN", "league": "PREMIER LEAGUE", "type": "JERSEY", "kit_type": "HOME", "season": "2023/2024", "stock": 1000, "product_tags": ["1a55f17a-2d20-4a34-a659-91689a829c0a", "2362c5c7-4728-437e-904b-af712b6e831f", "30951a10-165f-4d30-8848-9b4289bf540a", "65745471-0303-4a92-9d84-b11703bd1631", "88396179-a2be-41f0-ba67-c3386c14eb55", "c7f76805-c0e7-45c6-9dc1-43a2d189b199", "ca8c4a73-ed35-4a97-85d0-b22801c384eb", "e6262804-c04b-41e8-992c-54e0e3bf5661"], "sizes": [2, 3, 4, 5]}}, {"model": "products.item", "pk": "b5e87484-acd7-4781-afb0-d7e3e2cb566e", "fields": {"name": "Chelsea Nike Away Match Shirt 2023-24(Mudryk 10)", "price": 15000, "initial_price": 17000, "active": true, "customizable": false, "description": "Get kitted out like your favourite players. As worn by the first team on matchdays, this short sleeve shirt is the perfect way to show your pride and passion.", "featured_image": "products/featured/images/mudryk_away.avif", "version": "MODERN", "league": "PREMIER LEAGUE", "type": "JERSEY", "kit_type": "AWAY", "season": "2023/2024", "stock": 1000, "product_tags": ["01fef3e4-aa48-4454-9e85-b48f6cb93078", "12407594-cf72-40a3-932f-3609d99e79a1", "2bd46b22-d54d-49bb-949b-de2743882cff", "3843f5f0-2d03-4008-ba2e-88c7e1f507c3", "7cabc2e0-fcad-461f-99db-3f5190e2e2a3", "88396179-a2be-41f0-ba67-c3386c14eb55", "cb1a7b79-9dd4-49a8-9499-a1c0e4874042"], "sizes": [2, 3, 4, 5]}}, {"model": "products.item", "pk": "ba5ea25d-3663-40ac-8a18-1f4c5517019b", "fields": {"name": "Manchester City Home Jersey 2023/2024", "price": 11000, "initial_price": 14000, "active": true, "customizable": false, "description": "Manchester City has completed the three-peat after winning the English Premier League title. Celebrate this historic moment with this 2023/24 Authentic Jersey from Puma. The exciting Manchester City graphics will let everyone know you are once again at the top of the league.", "featured_image": "products/featured/images/city_home.avif", "version": "MODERN", "league": "PREMIER LEAGUE", "type": "JERSEY", "kit_type": "HOME", "season": "2023/2024", "stock": 1000, "product_tags": ["1a55f17a-2d20-4a34-a659-91689a829c0a", "30951a10-165f-4d30-8848-9b4289bf540a", "38e95b7b-6792-42a9-b08c-c0f571302715", "65745471-0303-4a92-9d84-b11703bd1631", "88396179-a2be-41f0-ba67-c3386c14eb55", "c7f76805-c0e7-45c6-9dc1-43a2d189b199", "ca8c4a73-ed35-4a97-85d0-b22801c384eb", "e6262804-c04b-41e8-992c-54e0e3bf5661"], "sizes": [2, 3, 4, 5]}}, {"model": "products.item", "pk": "cd0112c1-7c18-4b03-a3b5-37bdc19f47e2", "fields": {"name": "Liverpool FC Nike Mens 23/24 Away Match Jersey", "price": 11000, "initial_price": 14000, "active": true, "customizable": false, "description": "Digitized green graphics add a modern look to a 90s classic with the LFC Nike Mens 23/24 Away Match Jersey.\r\n\r\nOur stadium range is inspired by what the players wear on the pitch.\r\n\r\nTaking inspiration from LFC's iconic 95/96 Away Shirt, an all time fan favourite, Nikes innovative design breathes new life into the latest version for the memories in store for the 23/24 season, while a subtle detail below the back collar pays tribute to the 97 fans who tragically lost their lives at the Hillsborough Disaster.\r\n\r\nOur Stadium collection pairs design details with sweat-wicking technology to give you a match-day look inspired by the Liverpool FC Away Jersey. Nike Dri-FIT technology moves sweat away from your skin for quicker evaporation, helping you stay dry and comfortable.", "featured_image": "products/featured/images/away.avif", "version": "MODERN", "league": "PREMIER LEAGUE", "type": "JERSEY", "kit_type": "AWAY", "season": "2023/2024", "stock": 999, "product_tags": ["01fef3e4-aa48-4454-9e85-b48f6cb93078", "10e4d0a8-3634-44a2-a564-0c9fef7d3d97", "12407594-cf72-40a3-932f-3609d99e79a1", "18981b3d-59fe-4202-9683-5cdd92025fcb", "29111857-2964-49b3-99f2-637988cd2945", "4807e3f8-ad89-4762-b4fc-5392ef62c3f3", "9ccee7c2-7d82-4c10-a133-3713edc4b41e", "cb1a7b79-9dd4-49a8-9499-a1c0e4874042"], "sizes": [2, 3, 4, 5]}}, {"model": "products.item", "pk": "da41de7a-f565-477a-9ac3-8ced8d420400", "fields": {"name": "Chelsea Third Match Shirt 2023-24 (Palmer 20)", "price": 15000, "initial_price": 17000, "active": true, "customizable": false, "description": "Show off your love and support for Chelsea with the official Third Vapor Match shirt for the 2023-24 season. Featuring the same design and technology as the on-pitch shirt worn by the team's players, nothing can equip you better for stepping into the game yourself. Sweat-wicking technology keeps you cool and comfortable in combination with a lightweight design so that you can perform at your best with nothing weighing you down.", "featured_image": "products/featured/images/palmer_third.avif", "version": "MODERN", "league": "PREMIER LEAGUE", "type": "JERSEY", "kit_type": "THIRD", "season": "2023/2024", "stock": 1000, "product_tags": ["12407594-cf72-40a3-932f-3609d99e79a1", "2362c5c7-4728-437e-904b-af712b6e831f", "2bd46b22-d54d-49bb-949b-de2743882cff", "3843f5f0-2d03-4008-ba2e-88c7e1f507c3", "88396179-a2be-41f0-ba67-c3386c14eb55", "9d496702-f60e-4b73-8542-8acf1b9c6c29", "cb1a7b79-9dd4-49a8-9499-a1c0e4874042", "f4b566a4-fe49-4e92-adc8-dcc8bb464d16"], "sizes": [2, 3, 4, 5]}}, {"model": "products.item", "pk": "ef5d7322-db80-4cdd-b16f-5f7274ebc159", "fields": {"name": "Chelsea Away Stadium Shirt 2023-24", "price": 11000, "initial_price": 14000, "active": true, "customizable": false, "description": "The 2023/24 Chelsea Away kit mixes classic colours and an all-over digital graphic with blue accents on the collar and sleeves. Inside the shirt, you will find a hidden London Chelsea FC design. Our Stadium collection pairs authentic design details with lightweight, quick-drying technology to give you a game-ready look inspired by your favourite team.", "featured_image": "products/featured/images/away_kit_sponsor.avif", "version": "MODERN", "league": "PREMIER LEAGUE", "type": "JERSEY", "kit_type": "AWAY", "season": "2023/2024", "stock": 1000, "product_tags": ["01fef3e4-aa48-4454-9e85-b48f6cb93078", "2bd46b22-d54d-49bb-949b-de2743882cff", "3843f5f0-2d03-4008-ba2e-88c7e1f507c3", "38e95b7b-6792-42a9-b08c-c0f571302715", "88396179-a2be-41f0-ba67-c3386c14eb55", "cb1a7b79-9dd4-49a8-9499-a1c0e4874042"], "sizes": [2, 3, 4, 5]}}, {"model": "products.item", "pk": "f6500951-9666-4274-bf89-20471e03c941", "fields": {"name": "Liverpool FC 23/24 Home  Jersey(M. Salah 11)", "price": 11000, "initial_price": 15000, "active": true, "customizable": false, "description": "Get ready to root on the Mighty Reds whenever you wear this Liverpool Mohamed Salah 2023/24 Home Replica Player Jersey from Nike. This lightweight jersey is perfect for watching from the comfort of your home or playing a match with your friends. With the classic Liverpool graphics, you'll never walk", "featured_image": "products/featured/images/salah_home.avif", "version": "MODERN", "league": "PREMIER LEAGUE", "type": "JERSEY", "kit_type": "HOME", "season": "2023/2024", "stock": 1000, "product_tags": ["10e4d0a8-3634-44a2-a564-0c9fef7d3d97", "12407594-cf72-40a3-932f-3609d99e79a1", "18981b3d-59fe-4202-9683-5cdd92025fcb", "29111857-2964-49b3-99f2-637988cd2945", "4807e3f8-ad89-4762-b4fc-5392ef62c3f3", "9ccee7c2-7d82-4c10-a133-3713edc4b41e", "cb1a7b79-9dd4-49a8-9499-a1c0e4874042"], "sizes": [2, 3, 4, 5]}}, {"model": "products.productimage", "pk": "007e3d0c-94aa-43af-b6d0-eb295021cb45", "fields": {"product": "7746e81e-ffb7-458d-a8eb-b2790221b2f7", "image": "products/images/third_kit_sponsor.avif"}}, {"model": "products.productimage", "pk": "0384d92c-6f16-4109-b196-f3d197e67c3e", "fields": {"product": "5732ebec-9a74-4478-b38c-5ef2fcda2ecf", "image": "products/images/mudryk_third_back.webp"}}, {"model": "products.productimage", "pk": "05ba116d-3942-4065-8e17-99665e4d408f", "fields": {"product": "72277549-4981-474f-aec2-5ca22d5e3d54", "image": "products/images/away_front_A2Avah4.avif"}}, {"model": "products.productimage", "pk": "069e3aba-275f-45e1-8d66-79af7188a491", "fields": {"product": "825a9506-75ad-40c6-84e8-a2856e466b1f", "image": "products/images/chelsea_sponsored_kit.avif"}}, {"model": "products.productimage", "pk": "0fd3b5fd-b20a-4cee-b15d-2e096d368dcf", "fields": {"product": "7746e81e-ffb7-458d-a8eb-b2790221b2f7", "image": "products/images/third_back.avif"}}, {"model": "products.productimage", "pk": "14d65f1e-cecb-45ec-9e48-cec834d426f3", "fields": {"product": "5732ebec-9a74-4478-b38c-5ef2fcda2ecf", "image": "products/images/third_front_KIbOsa3.avif"}}, {"model": "products.productimage", "pk": "197fc58a-4479-4192-9d56-28622477c4db", "fields": {"product": "91617331-ed7c-4190-8b55-4710596314cb", "image": "products/images/custom_away_front.avif"}}, {"model": "products.productimage", "pk": "1a80d77a-d187-445b-b0ae-1deb1ed217eb", "fields": {"product": "91617331-ed7c-4190-8b55-4710596314cb", "image": "products/images/custom_kit_away.avif"}}, {"model": "products.productimage", "pk": "1e7ee08c-8cb4-408b-96be-8dfa88bda734", "fields": {"product": "f6500951-9666-4274-bf89-20471e03c941", "image": "products/images/salah_home_back.avif"}}, {"model": "products.productimage", "pk": "1eabb8ae-fff6-4e4e-82ca-0e4c57965fdd", "fields": {"product": "2f6166ce-ba4e-45ef-a519-daa1ded629d5", "image": "products/images/custom_home_back.jpg"}}, {"model": "products.productimage", "pk": "1edbf433-1c2b-46f6-9a32-bf58522ec21d", "fields": {"product": "7746e81e-ffb7-458d-a8eb-b2790221b2f7", "image": "products/images/third_kit_sponsor_front.avif"}}, {"model": "products.productimage", "pk": "20488087-8b1f-4eaa-9acd-0b1caae8b571", "fields": {"product": "0d0a9b56-916a-4fcd-8a25-bc3f38b23918", "image": "products/images/mac_allister_away.webp"}}, {"model": "products.productimage", "pk": "2908c15e-ce33-43e4-9a8e-081575841012", "fields": {"product": "2815bc42-ef31-4ca3-b5c5-fae65304da46", "image": "products/images/home_back.avif"}}, {"model": "products.productimage", "pk": "3259a8e9-e552-4fa6-9db1-5de007054a1d", "fields": {"product": "f6500951-9666-4274-bf89-20471e03c941", "image": "products/images/home_front_GJSOf12.avif"}}, {"model": "products.productimage", "pk": "33a26064-4330-4500-8e4b-7177b68a9806", "fields": {"product": "da41de7a-f565-477a-9ac3-8ced8d420400", "image": "products/images/palmer_third_back.avif"}}, {"model": "products.productimage", "pk": "36705a97-354f-4f87-a9cd-ef74107ef99a", "fields": {"product": "da41de7a-f565-477a-9ac3-8ced8d420400", "image": "products/images/palmer_third.avif"}}, {"model": "products.productimage", "pk": "36b73a0b-e957-4cbd-9d76-f56be73dbf88", "fields": {"product": "ba5ea25d-3663-40ac-8a18-1f4c5517019b", "image": "products/images/home_back_0RdDOHl.avif"}}, {"model": "products.productimage", "pk": "3a269688-1aea-462f-8f21-eaa6e76d5668", "fields": {"product": "4b3897a6-a12e-47b2-a852-3867a0fb84f8", "image": "products/images/palmer_away_back.avif"}}, {"model": "products.productimage", "pk": "3c064710-5856-4b97-b8b2-22f29da647af", "fields": {"product": "9a4c7102-5c68-4b09-863c-e93949d76b8d", "image": "products/images/mudryk_home_chelsea_sponsor_front.avif"}}, {"model": "products.productimage", "pk": "4026dbb0-1d93-4eb5-ac11-4aa3c9c9cb6b", "fields": {"product": "ef5d7322-db80-4cdd-b16f-5f7274ebc159", "image": "products/images/away_kit_back.avif"}}, {"model": "products.productimage", "pk": "40ab27aa-2b92-4d42-a093-e94351d45a3c", "fields": {"product": "2f6166ce-ba4e-45ef-a519-daa1ded629d5", "image": "products/images/home_front_P2zuJaF.avif"}}, {"model": "products.productimage", "pk": "42808fe7-58da-43f3-bffa-73ae332a69c9", "fields": {"product": "2f6166ce-ba4e-45ef-a519-daa1ded629d5", "image": "products/images/custom_home.avif"}}, {"model": "products.productimage", "pk": "57f0a2e7-1fa8-4e70-9571-8f5c7394b68d", "fields": {"product": "0a037f6c-033a-4427-8b0c-44912d142eff", "image": "products/images/city_away_back.avif"}}, {"model": "products.productimage", "pk": "5a1b232b-5936-4964-9a29-f05adcd7a89d", "fields": {"product": "4b3897a6-a12e-47b2-a852-3867a0fb84f8", "image": "products/images/palmer_away_front.avif"}}, {"model": "products.productimage", "pk": "5bb81554-e65b-404a-a679-85f9d2b582a7", "fields": {"product": "b4ff3915-0358-4722-aa8c-4aaea9e6dac9", "image": "products/images/city_third_back.webp"}}, {"model": "products.productimage", "pk": "6139d4cc-15cb-4427-81d0-20c40b64ecea", "fields": {"product": "ba5ea25d-3663-40ac-8a18-1f4c5517019b", "image": "products/images/home_front_BJPZVSD.avif"}}, {"model": "products.productimage", "pk": "651d626d-8608-49ad-9a71-d3c38b5e9b25", "fields": {"product": "b5e87484-acd7-4781-afb0-d7e3e2cb566e", "image": "products/images/mudryk_away.avif"}}, {"model": "products.productimage", "pk": "6964a12a-b56b-4251-b8f2-580a1822e43c", "fields": {"product": "da41de7a-f565-477a-9ac3-8ced8d420400", "image": "products/images/third_front_udfFnq3.avif"}}, {"model": "products.productimage", "pk": "6ad59f39-c573-4507-b546-62301962ad42", "fields": {"product": "27196caa-a68d-4041-91fd-d269f7493610", "image": "products/images/palmer_home.avif"}}, {"model": "products.productimage", "pk": "7597306a-e8fc-4d9c-86f6-33b840e751f4", "fields": {"product": "ef5d7322-db80-4cdd-b16f-5f7274ebc159", "image": "products/images/away_kit_sponsor_front.avif"}}, {"model": "products.productimage", "pk": "779a9bf0-26a7-4f61-b2c2-fa1f72f186a6", "fields": {"product": "0d0a9b56-916a-4fcd-8a25-bc3f38b23918", "image": "products/images/away_front_uLFG6US.avif"}}, {"model": "products.productimage", "pk": "7e860569-6e70-4a54-82c5-813b8fae09ab", "fields": {"product": "825a9506-75ad-40c6-84e8-a2856e466b1f", "image": "products/images/chelsea_sponsored_front_home.avif"}}, {"model": "products.productimage", "pk": "7ef014ae-e89e-4243-9b97-4767a33d0f47", "fields": {"product": "0d0a9b56-916a-4fcd-8a25-bc3f38b23918", "image": "products/images/mac_allister_away_back.avif"}}, {"model": "products.productimage", "pk": "800691cc-457d-4f03-bd76-b7964117bfc7", "fields": {"product": "9a4c7102-5c68-4b09-863c-e93949d76b8d", "image": "products/images/mudryk_home_chelsea_sponsor.avif"}}, {"model": "products.productimage", "pk": "8473b2cb-415c-487d-8d40-65aa75b33576", "fields": {"product": "cd0112c1-7c18-4b03-a3b5-37bdc19f47e2", "image": "products/images/away_front_DiYq3jx.avif"}}, {"model": "products.productimage", "pk": "8d51f9a2-c4e2-40a0-905e-793f11c91b9b", "fields": {"product": "27196caa-a68d-4041-91fd-d269f7493610", "image": "products/images/palmer_home_back.avif"}}, {"model": "products.productimage", "pk": "8d735946-9979-472e-a2e2-bdf906b97188", "fields": {"product": "72277549-4981-474f-aec2-5ca22d5e3d54", "image": "products/images/away_custom_back.avif"}}, {"model": "products.productimage", "pk": "9162a8ad-47d3-46ad-965a-950878f9686a", "fields": {"product": "825a9506-75ad-40c6-84e8-a2856e466b1f", "image": "products/images/chelsea_sponsored_back_home.avif"}}, {"model": "products.productimage", "pk": "94be01ef-8a8b-4e4e-90c8-a314d4a06fef", "fields": {"product": "0a037f6c-033a-4427-8b0c-44912d142eff", "image": "products/images/away_9GDALxM.avif"}}, {"model": "products.productimage", "pk": "98e3d7b0-8436-444a-81c8-2da9406c2a48", "fields": {"product": "27196caa-a68d-4041-91fd-d269f7493610", "image": "products/images/palmer_front.avif"}}, {"model": "products.productimage", "pk": "99977c41-89c0-4868-97d8-3428371ef662", "fields": {"product": "cd0112c1-7c18-4b03-a3b5-37bdc19f47e2", "image": "products/images/away.avif"}}, {"model": "products.productimage", "pk": "9e6f4a8a-6d94-4156-8a2b-a00369afdc92", "fields": {"product": "b4ff3915-0358-4722-aa8c-4aaea9e6dac9", "image": "products/images/city_away_nexk.png"}}, {"model": "products.productimage", "pk": "a0bc6f5b-9272-4ba5-8a1b-f102f707a61d", "fields": {"product": "b5e87484-acd7-4781-afb0-d7e3e2cb566e", "image": "products/images/mudryk_front.avif"}}, {"model": "products.productimage", "pk": "a37f3cd0-2886-4502-8efc-c65b83232c5a", "fields": {"product": "0a037f6c-033a-4427-8b0c-44912d142eff", "image": "products/images/city_front_away.avif"}}, {"model": "products.productimage", "pk": "adc02ee2-99e8-4c27-8840-fbfbcfc15492", "fields": {"product": "ef5d7322-db80-4cdd-b16f-5f7274ebc159", "image": "products/images/away_kit_sponsor.avif"}}, {"model": "products.productimage", "pk": "b1b7d4ff-054b-4a03-b1f9-f919ccad840f", "fields": {"product": "b4ff3915-0358-4722-aa8c-4aaea9e6dac9", "image": "products/images/city_away_hand.webp"}}, {"model": "products.productimage", "pk": "b3b32d51-962e-4446-9220-95e3e6c29af6", "fields": {"product": "2815bc42-ef31-4ca3-b5c5-fae65304da46", "image": "products/images/home.avif"}}, {"model": "products.productimage", "pk": "b486c7a4-36e5-4132-ae0a-6e8432cf3084", "fields": {"product": "cd0112c1-7c18-4b03-a3b5-37bdc19f47e2", "image": "products/images/away_back.avif"}}, {"model": "products.productimage", "pk": "b4ab24ef-ac0b-4348-8b5f-5045cabb410e", "fields": {"product": "72277549-4981-474f-aec2-5ca22d5e3d54", "image": "products/images/away_custom.avif"}}, {"model": "products.productimage", "pk": "b4b1a669-a06d-4e7e-b233-edf7da897b1e", "fields": {"product": "9a4c7102-5c68-4b09-863c-e93949d76b8d", "image": "products/images/mudryk_home_chelsea_sponsor_back.avif"}}, {"model": "products.productimage", "pk": "b7bd5c82-36ac-43de-b911-1358f6553216", "fields": {"product": "4b3897a6-a12e-47b2-a852-3867a0fb84f8", "image": "products/images/palmer_away.avif"}}, {"model": "products.productimage", "pk": "b9b163b8-c1e3-4d4c-93a0-2c241ae21133", "fields": {"product": "ba5ea25d-3663-40ac-8a18-1f4c5517019b", "image": "products/images/city_home.avif"}}, {"model": "products.productimage", "pk": "c65b5574-a770-4a06-8459-4fc84580cffc", "fields": {"product": "f6500951-9666-4274-bf89-20471e03c941", "image": "products/images/salah_home.avif"}}, {"model": "products.productimage", "pk": "cad6aba5-2c9b-41a4-b206-a29d75116694", "fields": {"product": "2815bc42-ef31-4ca3-b5c5-fae65304da46", "image": "products/images/home_front.avif"}}, {"model": "products.productimage", "pk": "cb150955-8aab-4dca-bb79-1cce8bc0c5dd", "fields": {"product": "5732ebec-9a74-4478-b38c-5ef2fcda2ecf", "image": "products/images/mudryk_third.avif"}}, {"model": "products.productimage", "pk": "decc49bb-a877-4836-ae1b-3c23a0f9cf55", "fields": {"product": "91617331-ed7c-4190-8b55-4710596314cb", "image": "products/images/custom_kit_away_back.avif"}}, {"model": "products.productimage", "pk": "f3acbbc1-e2df-4e2d-a933-f6d4c9335602", "fields": {"product": "b5e87484-acd7-4781-afb0-d7e3e2cb566e", "image": "products/images/mudryk_back_away.avif"}}, {"model": "products.productimage", "pk": "f75afd07-cc28-4448-9a6e-3d02828db6ff", "fields": {"product": "b4ff3915-0358-4722-aa8c-4aaea9e6dac9", "image": "products/images/city_third_front.webp"}}, {"model": "products.productdetail", "pk": 1, "fields": {"product": "825a9506-75ad-40c6-84e8-a2856e466b1f", "detail": "Brand: Nike"}}, {"model": "products.productdetail", "pk": 2, "fields": {"product": "825a9506-75ad-40c6-84e8-a2856e466b1f", "detail": "Country of origin: Georgia"}}, {"model": "products.productdetail", "pk": 3, "fields": {"product": "825a9506-75ad-40c6-84e8-a2856e466b1f", "detail": "Nike Dri-FIT technology moves sweat away from your skin for quicker evaporation, helping you stay dry and comfortable"}}, {"model": "products.productdetail", "pk": 4, "fields": {"product": "825a9506-75ad-40c6-84e8-a2856e466b1f", "detail": "Replica design gives you details modelled after what the pros wear"}}, {"model": "products.productdetail", "pk": 5, "fields": {"product": "825a9506-75ad-40c6-84e8-a2856e466b1f", "detail": "Officially licensed"}}, {"model": "products.productdetail", "pk": 6, "fields": {"product": "ef5d7322-db80-4cdd-b16f-5f7274ebc159", "detail": "Brand: Nike"}}, {"model": "products.productdetail", "pk": 7, "fields": {"product": "ef5d7322-db80-4cdd-b16f-5f7274ebc159", "detail": "Country of origin: Georgia"}}, {"model": "products.productdetail", "pk": 8, "fields": {"product": "ef5d7322-db80-4cdd-b16f-5f7274ebc159", "detail": "Nike Dri-FIT technology moves sweat away from your skin for quicker evaporation, helping you stay dry and comfortable"}}, {"model": "products.productdetail", "pk": 9, "fields": {"product": "ef5d7322-db80-4cdd-b16f-5f7274ebc159", "detail": "Replica design gives you details modelled after what the pros wear"}}, {"model": "products.productdetail", "pk": 10, "fields": {"product": "ef5d7322-db80-4cdd-b16f-5f7274ebc159", "detail": "Short sleeve"}}, {"model": "products.productdetail", "pk": 11, "fields": {"product": "ef5d7322-db80-4cdd-b16f-5f7274ebc159", "detail": "Officially licensed"}}, {"model": "products.productdetail", "pk": 12, "fields": {"product": "7746e81e-ffb7-458d-a8eb-b2790221b2f7", "detail": "Brand: Nike"}}, {"model": "products.productdetail", "pk": 13, "fields": {"product": "7746e81e-ffb7-458d-a8eb-b2790221b2f7", "detail": "Country of origin: Georgia"}}, {"model": "products.productdetail", "pk": 14, "fields": {"product": "7746e81e-ffb7-458d-a8eb-b2790221b2f7", "detail": "Nike Dri-FIT ADV technology keeps you dry and comfortable"}}, {"model": "products.productdetail", "pk": 15, "fields": {"product": "7746e81e-ffb7-458d-a8eb-b2790221b2f7", "detail": "Lightweight construction"}}, {"model": "products.productdetail", "pk": 16, "fields": {"product": "7746e81e-ffb7-458d-a8eb-b2790221b2f7", "detail": "Slim fit for superior speed and performance"}}, {"model": "products.productdetail", "pk": 17, "fields": {"product": "7746e81e-ffb7-458d-a8eb-b2790221b2f7", "detail": "Jock tag at hem"}}, {"model": "products.productdetail", "pk": 18, "fields": {"product": "91617331-ed7c-4190-8b55-4710596314cb", "detail": "Brand: Nike"}}, {"model": "products.productdetail", "pk": 19, "fields": {"product": "91617331-ed7c-4190-8b55-4710596314cb", "detail": "Embroidered Nike  logo on right chest"}}, {"model": "products.productdetail", "pk": 20, "fields": {"product": "91617331-ed7c-4190-8b55-4710596314cb", "detail": "Sewn on embroidered team crest on left chest"}}, {"model": "products.productdetail", "pk": 21, "fields": {"product": "91617331-ed7c-4190-8b55-4710596314cb", "detail": "Tagless collar for added comfort"}}, {"model": "products.productdetail", "pk": 22, "fields": {"product": "9a4c7102-5c68-4b09-863c-e93949d76b8d", "detail": "Brand: Nike"}}, {"model": "products.productdetail", "pk": 23, "fields": {"product": "9a4c7102-5c68-4b09-863c-e93949d76b8d", "detail": "Replica design gives you details modelled after what the pros wear"}}, {"model": "products.productdetail", "pk": 24, "fields": {"product": "9a4c7102-5c68-4b09-863c-e93949d76b8d", "detail": "Nike Dri-FIT technology moves sweat away from your skin for quicker evaporation, helping you stay dry and comfortable"}}, {"model": "products.productdetail", "pk": 25, "fields": {"product": "27196caa-a68d-4041-91fd-d269f7493610", "detail": "Brand: Nike"}}, {"model": "products.productdetail", "pk": 26, "fields": {"product": "27196caa-a68d-4041-91fd-d269f7493610", "detail": "Ventilated mesh panel inserts"}}, {"model": "products.productdetail", "pk": 27, "fields": {"product": "27196caa-a68d-4041-91fd-d269f7493610", "detail": "Nike Dri-FIT technology moves sweat away from your skin for quicker evaporation, helping you stay dry and comfortable"}}, {"model": "products.productdetail", "pk": 28, "fields": {"product": "b5e87484-acd7-4781-afb0-d7e3e2cb566e", "detail": "Brand: Nike"}}, {"model": "products.productdetail", "pk": 29, "fields": {"product": "b5e87484-acd7-4781-afb0-d7e3e2cb566e", "detail": "Replica design gives you details modelled after what the pros wear"}}, {"model": "products.productdetail", "pk": 30, "fields": {"product": "b5e87484-acd7-4781-afb0-d7e3e2cb566e", "detail": "Short sleeve"}}, {"model": "products.productdetail", "pk": 31, "fields": {"product": "4b3897a6-a12e-47b2-a852-3867a0fb84f8", "detail": "Brand: Nike"}}, {"model": "products.productdetail", "pk": 32, "fields": {"product": "4b3897a6-a12e-47b2-a852-3867a0fb84f8", "detail": "Breathable fabric with Nike Dri-FIT technology moves sweat away from your skin for quicker evaporation, helping you stay dry and comfortable"}}, {"model": "products.productdetail", "pk": 33, "fields": {"product": "4b3897a6-a12e-47b2-a852-3867a0fb84f8", "detail": "Replica design gives you details modelled after what the pros wear"}}, {"model": "products.productdetail", "pk": 34, "fields": {"product": "da41de7a-f565-477a-9ac3-8ced8d420400", "detail": "Brand: Nike"}}, {"model": "products.productdetail", "pk": 35, "fields": {"product": "da41de7a-f565-477a-9ac3-8ced8d420400", "detail": "Breathable fabric with Nike Dri-FIT technology moves sweat away from your skin for quicker evaporation, helping you stay dry and comfortable"}}, {"model": "products.productdetail", "pk": 36, "fields": {"product": "da41de7a-f565-477a-9ac3-8ced8d420400", "detail": "Short sleeve"}}, {"model": "products.productdetail", "pk": 37, "fields": {"product": "5732ebec-9a74-4478-b38c-5ef2fcda2ecf", "detail": "Brand: Nike"}}, {"model": "products.productdetail", "pk": 38, "fields": {"product": "5732ebec-9a74-4478-b38c-5ef2fcda2ecf", "detail": "Ventilated mesh panel inserts"}}, {"model": "products.productdetail", "pk": 39, "fields": {"product": "5732ebec-9a74-4478-b38c-5ef2fcda2ecf", "detail": "Short sleeve"}}, {"model": "products.productdetail", "pk": 40, "fields": {"product": "2815bc42-ef31-4ca3-b5c5-fae65304da46", "detail": "Imported."}}, {"model": "products.productdetail", "pk": 41, "fields": {"product": "2815bc42-ef31-4ca3-b5c5-fae65304da46", "detail": "Machine wash."}}, {"model": "products.productdetail", "pk": 42, "fields": {"product": "2815bc42-ef31-4ca3-b5c5-fae65304da46", "detail": "100% polyester."}}, {"model": "products.productdetail", "pk": 43, "fields": {"product": "2815bc42-ef31-4ca3-b5c5-fae65304da46", "detail": "White accents to collar and sleeves."}}, {"model": "products.productdetail", "pk": 44, "fields": {"product": "2815bc42-ef31-4ca3-b5c5-fae65304da46", "detail": "Performance Fit"}}, {"model": "products.productdetail", "pk": 45, "fields": {"product": "2815bc42-ef31-4ca3-b5c5-fae65304da46", "detail": "Red jersey with Liverpool FC details & sponsors."}}, {"model": "products.productdetail", "pk": 46, "fields": {"product": "cd0112c1-7c18-4b03-a3b5-37bdc19f47e2", "detail": "White shirt with digitized Green graphic details complete with Liverpool FC insignia and official match sponsors."}}, {"model": "products.productdetail", "pk": 47, "fields": {"product": "cd0112c1-7c18-4b03-a3b5-37bdc19f47e2", "detail": "White accents to collar and sleeves."}}, {"model": "products.productdetail", "pk": 48, "fields": {"product": "cd0112c1-7c18-4b03-a3b5-37bdc19f47e2", "detail": "100% polyester."}}, {"model": "products.productdetail", "pk": 49, "fields": {"product": "f6500951-9666-4274-bf89-20471e03c941", "detail": "Dri-FIT technology wicks away moisture"}}, {"model": "products.productdetail", "pk": 50, "fields": {"product": "f6500951-9666-4274-bf89-20471e03c941", "detail": "Jersey Color Style: Home"}}, {"model": "products.productdetail", "pk": 51, "fields": {"product": "f6500951-9666-4274-bf89-20471e03c941", "detail": "Machine wash, line dry"}}, {"model": "products.productdetail", "pk": 52, "fields": {"product": "f6500951-9666-4274-bf89-20471e03c941", "detail": "Material: 100% Polyester"}}, {"model": "products.productdetail", "pk": 53, "fields": {"product": "f6500951-9666-4274-bf89-20471e03c941", "detail": "Nike Dry fabrics move sweat from your skin for quicker evaporationhelping you stay dry, comfortable and focused on the task at hand"}}, {"model": "products.productdetail", "pk": 54, "fields": {"product": "2f6166ce-ba4e-45ef-a519-daa1ded629d5", "detail": "Heat-sealed team crest on left chest"}}, {"model": "products.productdetail", "pk": 55, "fields": {"product": "2f6166ce-ba4e-45ef-a519-daa1ded629d5", "detail": "Tagless collar for added comfort"}}, {"model": "products.productdetail", "pk": 56, "fields": {"product": "2f6166ce-ba4e-45ef-a519-daa1ded629d5", "detail": "VaporKnit technology features breathable, flexible fabric with moisture-wicking properties"}}, {"model": "products.productdetail", "pk": 57, "fields": {"product": "2f6166ce-ba4e-45ef-a519-daa1ded629d5", "detail": "Heat-sealed Nike logo on right chest"}}, {"model": "products.productdetail", "pk": 58, "fields": {"product": "72277549-4981-474f-aec2-5ca22d5e3d54", "detail": "Brand: Nike"}}, {"model": "products.productdetail", "pk": 59, "fields": {"product": "72277549-4981-474f-aec2-5ca22d5e3d54", "detail": "Raglan sleeves allow natural range of motion"}}, {"model": "products.productdetail", "pk": 60, "fields": {"product": "72277549-4981-474f-aec2-5ca22d5e3d54", "detail": "Heat-sealed Nike logo on right chest"}}, {"model": "products.productdetail", "pk": 61, "fields": {"product": "72277549-4981-474f-aec2-5ca22d5e3d54", "detail": "Woven Authentic Nike jock tag on left hem"}}, {"model": "products.productdetail", "pk": 62, "fields": {"product": "72277549-4981-474f-aec2-5ca22d5e3d54", "detail": "Material: 100% Polyester"}}, {"model": "products.productdetail", "pk": 63, "fields": {"product": "72277549-4981-474f-aec2-5ca22d5e3d54", "detail": "Machine wash, line dry"}}, {"model": "products.productdetail", "pk": 64, "fields": {"product": "0d0a9b56-916a-4fcd-8a25-bc3f38b23918", "detail": "Brand: Nike"}}, {"model": "products.productdetail", "pk": 65, "fields": {"product": "0d0a9b56-916a-4fcd-8a25-bc3f38b23918", "detail": "Machine wash, line dry"}}, {"model": "products.productdetail", "pk": 66, "fields": {"product": "0d0a9b56-916a-4fcd-8a25-bc3f38b23918", "detail": "Dri-FIT technology wicks away moisture"}}, {"model": "products.productdetail", "pk": 67, "fields": {"product": "ba5ea25d-3663-40ac-8a18-1f4c5517019b", "detail": "Brand: Puma"}}, {"model": "products.productdetail", "pk": 68, "fields": {"product": "ba5ea25d-3663-40ac-8a18-1f4c5517019b", "detail": "Backneck taping -no irritating stitch on the back"}}, {"model": "products.productdetail", "pk": 69, "fields": {"product": "ba5ea25d-3663-40ac-8a18-1f4c5517019b", "detail": "Heat-sealed PUMA logo on chest and sleeve"}}, {"model": "products.productdetail", "pk": 70, "fields": {"product": "ba5ea25d-3663-40ac-8a18-1f4c5517019b", "detail": "Heat-sealed sponsor logo on chest"}}, {"model": "products.productdetail", "pk": 71, "fields": {"product": "ba5ea25d-3663-40ac-8a18-1f4c5517019b", "detail": "Material: 100% Polyester"}}, {"model": "products.productdetail", "pk": 72, "fields": {"product": "0a037f6c-033a-4427-8b0c-44912d142eff", "detail": "Brand: Puma"}}, {"model": "products.productdetail", "pk": 73, "fields": {"product": "0a037f6c-033a-4427-8b0c-44912d142eff", "detail": "Backneck taping -no irritating stitch on the back"}}, {"model": "products.productdetail", "pk": 74, "fields": {"product": "0a037f6c-033a-4427-8b0c-44912d142eff", "detail": "Heat-sealed PUMA logo on chest and sleeve"}}, {"model": "products.productdetail", "pk": 75, "fields": {"product": "0a037f6c-033a-4427-8b0c-44912d142eff", "detail": "Jersey Color Style: Away"}}, {"model": "products.productdetail", "pk": 76, "fields": {"product": "b4ff3915-0358-4722-aa8c-4aaea9e6dac9", "detail": "Brand: Puma"}}, {"model": "products.productdetail", "pk": 77, "fields": {"product": "b4ff3915-0358-4722-aa8c-4aaea9e6dac9", "detail": "Regular fit"}}, {"model": "products.productdetail", "pk": 78, "fields": {"product": "b4ff3915-0358-4722-aa8c-4aaea9e6dac9", "detail": "Official Manchester City club crest embroidered on chest"}}, {"model": "products.productdetail", "pk": 79, "fields": {"product": "b4ff3915-0358-4722-aa8c-4aaea9e6dac9", "detail": "PUMA Cat logo embroidered on chest and both sleeves"}}, {"model": "products.productdetail", "pk": 80, "fields": {"product": "b4ff3915-0358-4722-aa8c-4aaea9e6dac9", "detail": "Striped trim on sleeve cuff and neck"}}, {"model": "products.productdetail", "pk": 81, "fields": {"product": "b4ff3915-0358-4722-aa8c-4aaea9e6dac9", "detail": "CITY embroidered on back neck"}}, {"model": "accounts.country", "pk": "30264593-70e3-49e4-a3b1-47c2439d1b11", "fields": {"name": "Nigeria"}}, {"model": "accounts.city", "pk": 1, "fields": {"name": "Lagos", "country": "30264593-70e3-49e4-a3b1-47c2439d1b11", "price": 4000}}, {"model": "accounts.shippinginfo", "pk": "aef2d705-ea4f-4e7d-9c03-5205af2bacf4", "fields": {"user": 1, "address": "MM16 GAMAGIRA STREET, KAWO NEW EXTENSION, KADUNA", "phone_number": "+2349159372550", "city": 1, "country": "30264593-70e3-49e4-a3b1-47c2439d1b11", "house_number": "104", "street_name": "GAMAGIRA STREET"}}]